HONDA,https://www.honda.mx/autos/city,https://www.honda.mx/web/pdf/brochure/honda/Brochure_CITY_2026.pdf,Descargar Brochure,saved,data/oem_specs/honda/Brochure_CITY_2026.pdf
HONDA,https://www.honda.mx/autos/city,https://www.honda.mx/autos/city#especificaciones,Especificaciones,linked,
HONDA,https://www.honda.mx/autos/odyssey,https://www.honda.mx/web/pdf/brochure/honda/Brochure_ODYSSEY_2025.pdf,Descargar Brochure,saved,data/oem_specs/honda/Brochure_ODYSSEY_2025.pdf
HONDA,https://www.honda.mx/autos/odyssey,https://www.honda.mx/autos/odyssey#especificaciones,Especificaciones,linked,
HONDA,https://www.honda.mx/autos/accord,https://www.honda.mx/web/pdf/brochure/honda/Brochure_ACCORD_Petrol_2025.pdf,Descargar Brochure,saved,data/oem_specs/honda/Brochure_ACCORD_Petrol_2025.pdf
HONDA,https://www.honda.mx/autos/accord,https://www.honda.mx/autos/accord#especificaciones,Especificaciones,linked,
HONDA,https://www.honda.mx/autos/civic,https://www.honda.mx/web/pdf/brochure/honda/Brochure_CIVIC_2026.pdf,Descargar Brochure,saved,data/oem_specs/honda/Brochure_CIVIC_2026.pdf
HONDA,https://www.honda.mx/autos/civic,https://www.honda.mx/autos/civic#especificaciones,Especificaciones,linked,
HONDA,https://www.honda.mx/autos/br-v,https://www.honda.mx/web/pdf/brochure/honda/Brochure_BRV_2025.pdf,Descargar Brochure,saved,data/oem_specs/honda/Brochure_BRV_2025.pdf
HONDA,https://www.honda.mx/autos/br-v,https://www.honda.mx/autos/br-v#especificaciones,Especificaciones,linked,
HONDA,https://www.honda.mx/autos/hr-v,https://www.honda.mx/web/pdf/brochure/honda/Brochure_HRV_2026.pdf,Descargar Brochure,saved,data/oem_specs/honda/Brochure_HRV_2026.pdf
HONDA,https://www.honda.mx/autos/hr-v,https://www.honda.mx/autos/hr-v#especificaciones,Especificaciones,linked,
HONDA,https://www.honda.mx/autos/cr-v,https://www.honda.mx/web/pdf/brochure/honda/Brochure_CRV_2026.pdf,Descargar Brochure,saved,data/oem_specs/honda/Brochure_CRV_2026.pdf
HONDA,https://www.honda.mx/autos/cr-v,https://www.honda.mx/autos/cr-v#especificaciones,Especificaciones,linked,
HONDA,https://www.honda.mx/autos/pilot,https://www.honda.mx/web/pdf/brochure/honda/Brochure_PILOT_2025.pdf,Descargar Brochure,saved,data/oem_specs/honda/Brochure_PILOT_2025.pdf
HONDA,https://www.honda.mx/autos/pilot,https://www.honda.mx/autos/pilot#especificaciones,Especificaciones,linked,
HONDA,https://www.honda.mx/autos/city,https://www.honda.mx/web/pdf/brochure/honda/Brochure_CITY_2026.pdf,Descargar Brochure,saved,data/oem_specs/honda/Brochure_CITY_2026.pdf
HONDA,https://www.honda.mx/autos/city,https://www.honda.mx/autos/city#especificaciones,Especificaciones,linked,
HONDA,https://www.honda.mx/autos/odyssey,https://www.honda.mx/web/pdf/brochure/honda/Brochure_ODYSSEY_2025.pdf,Descargar Brochure,saved,data/oem_specs/honda/Brochure_ODYSSEY_2025.pdf
HONDA,https://www.honda.mx/autos/odyssey,https://www.honda.mx/autos/odyssey#especificaciones,Especificaciones,linked,
HONDA,https://www.honda.mx/autos/accord,https://www.honda.mx/web/pdf/brochure/honda/Brochure_ACCORD_Petrol_2025.pdf,Descargar Brochure,saved,data/oem_specs/honda/Brochure_ACCORD_Petrol_2025.pdf
HONDA,https://www.honda.mx/autos/accord,https://www.honda.mx/autos/accord#especificaciones,Especificaciones,linked,
HONDA,https://www.honda.mx/autos/civic,https://www.honda.mx/web/pdf/brochure/honda/Brochure_CIVIC_2026.pdf,Descargar Brochure,saved,data/oem_specs/honda/Brochure_CIVIC_2026.pdf
HONDA,https://www.honda.mx/autos/civic,https://www.honda.mx/autos/civic#especificaciones,Especificaciones,linked,
HONDA,https://www.honda.mx/autos/br-v,https://www.honda.mx/web/pdf/brochure/honda/Brochure_BRV_2025.pdf,Descargar Brochure,saved,data/oem_specs/honda/Brochure_BRV_2025.pdf
HONDA,https://www.honda.mx/autos/br-v,https://www.honda.mx/autos/br-v#especificaciones,Especificaciones,linked,
HONDA,https://www.honda.mx/autos/hr-v,https://www.honda.mx/web/pdf/brochure/honda/Brochure_HRV_2026.pdf,Descargar Brochure,saved,data/oem_specs/honda/Brochure_HRV_2026.pdf
HONDA,https://www.honda.mx/autos/hr-v,https://www.honda.mx/autos/hr-v#especificaciones,Especificaciones,linked,
HONDA,https://www.honda.mx/autos/cr-v,https://www.honda.mx/web/pdf/brochure/honda/Brochure_CRV_2026.pdf,Descargar Brochure,saved,data/oem_specs/honda/Brochure_CRV_2026.pdf
HONDA,https://www.honda.mx/autos/cr-v,https://www.honda.mx/autos/cr-v#especificaciones,Especificaciones,linked,
HONDA,https://www.honda.mx/autos/pilot,https://www.honda.mx/web/pdf/brochure/honda/Brochure_PILOT_2025.pdf,Descargar Brochure,saved,data/oem_specs/honda/Brochure_PILOT_2025.pdf
HONDA,https://www.honda.mx/autos/pilot,https://www.honda.mx/autos/pilot#especificaciones,Especificaciones,linked,
