CHEVROLET,https://www.chevrolet.com.mx/autos/2025-aveo-hb,https://www.chevrolet.com.mx/content/dam/chevrolet/na/mx/es/index/cars/2025-aveo-hb/mov/02-pdf/Catalogo-Aveo-HB-2025-BE.pdf,Descargar catálogo,saved,data/oem_specs/chevrolet/Catalogo-Aveo-HB-2025-BE.pdf
CHEVROLET,https://www.chevrolet.com.mx/autos/2025-aveo-hb,https://www.chevrolet.com.mx/content/dam/chevrolet/na/mx/es/index/cars/2025-aveo-hb/mov/02-pdf/2025-Aveo-HB-Ficha-Tecnica-v3.pdf,Descargar ficha técnica,saved,data/oem_specs/chevrolet/2025-Aveo-HB-Ficha-Tecnica-v3.pdf
CHEVROLET,https://www.chevrolet.com.mx/autos/2025-aveo-hb,https://www.chevrolet.com.mx/content/dam/chevrolet/na/mx/es/index/cars/2025-aveo-hb/mov/02-pdf/2025-Manual-de-Propietario-Aveo-HB.pdf,Descargar manual del propietario,saved,data/oem_specs/chevrolet/2025-Manual-de-Propietario-Aveo-HB.pdf
CHEVROLET,https://www.chevrolet.com.mx/autos/2025-aveo-hb/accesorios,https://www.chevrolet.com.mx/content/dam/chevrolet/na/mx/es/index/cars/2025-aveo-hb/accessories/02-pdf/2025-Catalogo-Accesorios-Aveo-HB.pdf,Descargar catálogo de accesorios 2025,saved,data/oem_specs/chevrolet/2025-Catalogo-Accesorios-Aveo-HB.pdf
CHEVROLET,https://www.chevrolet.com.mx/autos/modelo-anterior/onix,https://www.chevrolet.com.mx/content/dam/chevrolet/na/mx/es/index/cars/2025-onix/mov/02-pdf/Catalogo-Onix-2025-TLD.pdf,Descargar catálogo,saved,data/oem_specs/chevrolet/Catalogo-Onix-2025-TLD.pdf
CHEVROLET,https://www.chevrolet.com.mx/autos/modelo-anterior/onix,https://www.chevrolet.com.mx/content/dam/chevrolet/na/mx/es/index/cars/2025-onix/mov/02-pdf/Ficha-Tecnica-Onix-2025-TLD.pdf,Descargar ficha técnica,saved,data/oem_specs/chevrolet/Ficha-Tecnica-Onix-2025-TLD.pdf
CHEVROLET,https://www.chevrolet.com.mx/autos/modelo-anterior/onix,https://www.chevrolet.com.mx/content/dam/chevrolet/na/mx/es/index/cars/2025-onix/mov/02-pdf/Manual-de-Propietario-Onix-MY2025.pdf,Descargar manual del propietario,saved,data/oem_specs/chevrolet/Manual-de-Propietario-Onix-MY2025.pdf
CHEVROLET,https://www.chevrolet.com.mx/autos/modelo-anterior/onix/accesorios-originales,https://www.chevrolet.com.mx/content/dam/chevrolet/na/mx/es/index/cars/2025-onix/accessories/pdf/Catalogo-Accesorios-Onix-2025-TLD.pdf,Descargar catálogo de accesorios 2025,saved,data/oem_specs/chevrolet/Catalogo-Accesorios-Onix-2025-TLD.pdf
CHEVROLET,https://www.chevrolet.com.mx/autos/modelo-anterior/aveo-sedan,https://www.chevrolet.com.mx/content/dam/chevrolet/na/mx/es/index/cars/2025-aveo-sedan/mov/02-pdf/catalogo-aveo-sedan-2025-v2.pdf,Descargar catálogo,saved,data/oem_specs/chevrolet/catalogo-aveo-sedan-2025-v2.pdf
CHEVROLET,https://www.chevrolet.com.mx/autos/modelo-anterior/aveo-sedan,https://www.chevrolet.com.mx/content/dam/chevrolet/na/mx/es/index/cars/2025-aveo-sedan/mov/02-pdf/Ficha Tecnica Aveo Sedan 2025 v3.pdf,Descargar ficha técnica,saved,data/oem_specs/chevrolet/Ficha_Tecnica_Aveo_Sedan_2025_v3.pdf
CHEVROLET,https://www.chevrolet.com.mx/autos/modelo-anterior/aveo-sedan,https://www.chevrolet.com.mx/content/dam/chevrolet/na/mx/es/index/cars/2025-aveo-sedan/mov/02-pdf/25-chev-aveo-om-manual-de-propietario.pdf,Descargar manual del propietario,saved,data/oem_specs/chevrolet/25-chev-aveo-om-manual-de-propietario.pdf
CHEVROLET,https://www.chevrolet.com.mx/autos/modelo-anterior/aveo-sedan/accesorios,https://www.chevrolet.com.mx/content/dam/chevrolet/na/mx/es/index/cars/2025-aveo-sedan/accessories/02-pdf/catalogo-accesorios-aveo-sedan-2025.pdf,Descargar catálogo de accesorios,saved,data/oem_specs/chevrolet/catalogo-accesorios-aveo-sedan-2025.pdf
CHEVROLET,https://www.chevrolet.com.mx/autos/2026-onix,https://www.chevrolet.com.mx/content/dam/chevrolet/na/mx/es/index/cars/2026-onix/mov/02-pdf/Catalogo-Onix-2026-TLD.pdf,Descargar catálogo,saved,data/oem_specs/chevrolet/Catalogo-Onix-2026-TLD.pdf
CHEVROLET,https://www.chevrolet.com.mx/autos/2026-onix,https://www.chevrolet.com.mx/content/dam/chevrolet/na/mx/es/index/cars/2026-onix/mov/02-pdf/Ficha-Tecnica-Onix-2026-TLD.pdf,Descargar ficha técnica,saved,data/oem_specs/chevrolet/Ficha-Tecnica-Onix-2026-TLD.pdf
CHEVROLET,https://www.chevrolet.com.mx/autos/2026-onix,https://www.chevrolet.com.mx/content/dam/chevrolet/na/mx/es/index/cars/2026-onix/mov/02-pdf/Manual-de-Propietario-2026.pdf,Descargar manual de propietario,saved,data/oem_specs/chevrolet/Manual-de-Propietario-2026.pdf
CHEVROLET,https://www.chevrolet.com.mx/autos/2026-onix/accesorios-originales,https://www.chevrolet.com.mx/content/dam/chevrolet/na/mx/es/index/cars/2026-onix/mov/02-pdf/Catalogo-Accesorios-Onix-2026.pdf,Descargar catálogo de accesorios 2026,saved,data/oem_specs/chevrolet/Catalogo-Accesorios-Onix-2026.pdf
CHEVROLET,https://www.chevrolet.com.mx/autos/aveo-auto-tipo-sedan,https://www.chevrolet.com.mx/content/dam/chevrolet/na/mx/es/index/cars/2026-aveo-sedan/mov/02-pdf/Catalogo-Aveo-Sedan-2026.pdf,Descargar catálogo,saved,data/oem_specs/chevrolet/Catalogo-Aveo-Sedan-2026.pdf
CHEVROLET,https://www.chevrolet.com.mx/autos/aveo-auto-tipo-sedan,https://www.chevrolet.com.mx/content/dam/chevrolet/na/mx/es/index/cars/2026-aveo-sedan/mov/02-pdf/Ficha-Tecnica-Aveo-Sedan-2026.pdf,Descargar ficha técnica,saved,data/oem_specs/chevrolet/Ficha-Tecnica-Aveo-Sedan-2026.pdf
CHEVROLET,https://www.chevrolet.com.mx/suvs/tracker-mejor-suv-2025,https://www.chevrolet.com.mx/content/dam/chevrolet/na/mx/es/index/crossovers-suvs/2025-tracker/mov/02-pdf/Catalogo-Tracker-2025-TLD.pdf,Descargar catálogo,saved,data/oem_specs/chevrolet/Catalogo-Tracker-2025-TLD.pdf
CHEVROLET,https://www.chevrolet.com.mx/suvs/tracker-mejor-suv-2025,https://www.chevrolet.com.mx/content/dam/chevrolet/na/mx/es/index/crossovers-suvs/2025-tracker/mov/02-pdf/Ficha-Tecnica-Tracker-2025-TLD.pdf,Descargar ficha técnica,saved,data/oem_specs/chevrolet/Ficha-Tecnica-Tracker-2025-TLD.pdf
CHEVROLET,https://www.chevrolet.com.mx/suvs/tracker-mejor-suv-2025,https://www.chevrolet.com.mx/content/dam/chevrolet/na/mx/es/index/crossovers-suvs/2025-tracker/mov/02-pdf/manual-de-propietario.pdf,Descargar manual de propietario,saved,data/oem_specs/chevrolet/manual-de-propietario.pdf
CHEVROLET,https://www.chevrolet.com.mx/suvs/tracker-mejor-suv-2025/accesorios-automotrices,https://www.chevrolet.com.mx/content/dam/chevrolet/na/mx/es/index/crossovers-suvs/2025-tracker/accessories/02-pdf/catalogo-accesorios-tracker-2025-tld.pdf,Descargar catálogo de accesorios,saved,data/oem_specs/chevrolet/catalogo-accesorios-tracker-2025-tld.pdf
CHEVROLET,https://www.chevrolet.com.mx/suvs/2025-trax-ng,https://www.chevrolet.com.mx/content/dam/chevrolet/na/mx/es/index/crossovers-suvs/2025-trax-ng/mov/02-pdf/2025-Catalogo-Trax.pdf,Descargar catálogo,saved,data/oem_specs/chevrolet/2025-Catalogo-Trax.pdf
CHEVROLET,https://www.chevrolet.com.mx/suvs/2025-trax-ng,https://www.chevrolet.com.mx/content/dam/chevrolet/na/mx/es/index/crossovers-suvs/2025-trax-ng/mov/02-pdf/2025-Ficha-Tecnica-Trax.pdf,Descargar ficha técnica,saved,data/oem_specs/chevrolet/2025-Ficha-Tecnica-Trax.pdf
CHEVROLET,https://www.chevrolet.com.mx/suvs/2025-trax-ng,https://www.chevrolet.com.mx/content/dam/chevrolet/na/mx/es/index/crossovers-suvs/2025-trax-ng/mov/02-pdf/2025-Trax-NG-Manual-de-Propietario.pdf,Descargar manual del propietario,saved,data/oem_specs/chevrolet/2025-Trax-NG-Manual-de-Propietario.pdf
CHEVROLET,https://www.chevrolet.com.mx/suvs/2025-trax-ng/accesorios,https://www.chevrolet.com.mx/content/dam/chevrolet/na/mx/es/index/crossovers-suvs/2025-trax-ng/accesories/02-pdf/2025-Catalogo-Accesorios-Trax-NG.pdf,Descargar catálogo de accesorios,saved,data/oem_specs/chevrolet/2025-Catalogo-Accesorios-Trax-NG.pdf
CHEVROLET,https://www.chevrolet.com.mx/suvs/2025-blazer,https://www.chevrolet.com.mx/content/dam/chevrolet/na/mx/es/index/crossovers-suvs/2025-blazer/mov/02-pdf/catalogo-blazer-2025-tld.pdf,Descargar catálogo,saved,data/oem_specs/chevrolet/catalogo-blazer-2025-tld.pdf
CHEVROLET,https://www.chevrolet.com.mx/suvs/2025-blazer,https://www.chevrolet.com.mx/content/dam/chevrolet/na/mx/es/index/crossovers-suvs/2025-blazer/mov/02-pdf/ficha-tecnica-blazer-2025-tld.pdf,Descargar ficha técnica,saved,data/oem_specs/chevrolet/ficha-tecnica-blazer-2025-tld.pdf
CHEVROLET,https://www.chevrolet.com.mx/suvs/2025-blazer,https://www.chevrolet.com.mx/content/dam/chevrolet/na/mx/es/index/crossovers-suvs/2025-blazer/mov/02-pdf/blazer-2025-manual-de-propietario.pdf,Descargar manual del propietario,saved,data/oem_specs/chevrolet/blazer-2025-manual-de-propietario.pdf
CHEVROLET,https://www.chevrolet.com.mx/suvs/2025-blazer/accesorios,https://www.chevrolet.com.mx/content/dam/chevrolet/na/mx/es/index/crossovers-suvs/2025-blazer/accessories/02-pdf/catalogo-accesorios-blazer-2025-tld.pdf,Descargar catálogo de accesorios,saved,data/oem_specs/chevrolet/catalogo-accesorios-blazer-2025-tld.pdf
CHEVROLET,https://www.chevrolet.com.mx/suvs/2025-tahoe,https://www.chevrolet.com.mx/content/dam/chevrolet/na/mx/es/index/crossovers-suvs/2025-tahoe/mov/02-pdf/Catalogo-Tahoe-2025.pdf,Descargar catálogo,saved,data/oem_specs/chevrolet/Catalogo-Tahoe-2025.pdf
CHEVROLET,https://www.chevrolet.com.mx/suvs/2025-tahoe,https://www.chevrolet.com.mx/content/dam/chevrolet/na/mx/es/index/crossovers-suvs/2025-tahoe/mov/02-pdf/Ficha-Tecnica-Tahoe-2025-TLD.pdf,Descargar ficha técnica,saved,data/oem_specs/chevrolet/Ficha-Tecnica-Tahoe-2025-TLD.pdf
CHEVROLET,https://www.chevrolet.com.mx/suvs/2025-tahoe,https://www.chevrolet.com.mx/content/dam/chevrolet/na/mx/es/index/crossovers-suvs/2025-tahoe/mov/02-pdf/2025-tahoe-manual-de-propietario.pdf,Descargar manual de propietario,saved,data/oem_specs/chevrolet/2025-tahoe-manual-de-propietario.pdf
CHEVROLET,https://www.chevrolet.com.mx/suvs/2025-tahoe/accesorios,https://www.chevrolet.com.mx/content/dam/chevrolet/na/mx/es/index/crossovers-suvs/2025-tahoe/accessories/02-pdf/Catalogo-Accesorios-Tahoe-2025-TLD.pdf,Descargar catálogo de accesorios,saved,data/oem_specs/chevrolet/Catalogo-Accesorios-Tahoe-2025-TLD.pdf
CHEVROLET,https://www.chevrolet.com.mx/suvs/2025-suburban,https://www.chevrolet.com.mx/content/dam/chevrolet/na/mx/es/index/crossovers-suvs/2025-suburban/mov/02-pdf/catalogo-suburban-2025.pdf,Descargar catálogo,saved,data/oem_specs/chevrolet/catalogo-suburban-2025.pdf
CHEVROLET,https://www.chevrolet.com.mx/suvs/2025-suburban,https://www.chevrolet.com.mx/content/dam/chevrolet/na/mx/es/index/crossovers-suvs/2025-suburban/mov/02-pdf/ficha-tecnica-suburban-2025.pdf,Descargar ficha técnica,saved,data/oem_specs/chevrolet/ficha-tecnica-suburban-2025.pdf
CHEVROLET,https://www.chevrolet.com.mx/suvs/2025-suburban,https://www.chevrolet.com.mx/content/dam/chevrolet/na/mx/es/index/crossovers-suvs/2025-suburban/mov/02-pdf/2025-suburban-manual-de-propietario.pdf,Descargar manual de propietario,saved,data/oem_specs/chevrolet/2025-suburban-manual-de-propietario.pdf
CHEVROLET,https://www.chevrolet.com.mx/suvs/2025-suburban/accesorios,https://www.chevrolet.com.mx/content/dam/chevrolet/na/mx/es/index/crossovers-suvs/2025-suburban/accessories/02-pdf/Catalogo-Accesorios-Suburban-2025-TLD.pdf,Descargar catálogo de accesorios,saved,data/oem_specs/chevrolet/Catalogo-Accesorios-Suburban-2025-TLD.pdf
CHEVROLET,https://www.chevrolet.com.mx/suvs/traverse-camioneta-para-7-pasajeros,https://www.chevrolet.com.mx/content/dam/chevrolet/na/mx/es/index/crossovers-suvs/2025-traverse/mov/02-pdf/Catalogo Traverse 2025.pdf,Descargar catálogo,saved,data/oem_specs/chevrolet/Catalogo_Traverse_2025.pdf
CHEVROLET,https://www.chevrolet.com.mx/suvs/traverse-camioneta-para-7-pasajeros,https://www.chevrolet.com.mx/content/dam/chevrolet/na/mx/es/index/crossovers-suvs/2025-traverse/mov/02-pdf/Ficha Tecnica Traverse 2025 TLD.pdf,Descargar ficha técnica,saved,data/oem_specs/chevrolet/Ficha_Tecnica_Traverse_2025_TLD.pdf
CHEVROLET,https://www.chevrolet.com.mx/suvs/traverse-camioneta-para-7-pasajeros,https://www.chevrolet.com.mx/content/dam/chevrolet/na/mx/es/index/crossovers-suvs/2025-traverse/mov/02-pdf/Traverse-2025-manual-de-propietario.pdf,Descargar manual del propietario,saved,data/oem_specs/chevrolet/Traverse-2025-manual-de-propietario.pdf
CHEVROLET,https://www.chevrolet.com.mx/suvs/traverse-camioneta-para-7-pasajeros/accesorios,https://www.chevrolet.com.mx/content/dam/chevrolet/na/mx/es/index/crossovers-suvs/2025-traverse/accessories/02-pdf/Catalogo Accesorios Traverse 2025 TLD.pdf,Descargar catálogo de accesorios,saved,data/oem_specs/chevrolet/Catalogo_Accesorios_Traverse_2025_TLD.pdf
CHEVROLET,https://www.chevrolet.com.mx/suvs/2026-groove,https://www.chevrolet.com.mx/suvs/groove-camioneta-pequena/especificaciones-automotriz,Especificaciones,linked,
CHEVROLET,https://www.chevrolet.com.mx/suvs/2026-groove,https://www.chevrolet.com.mx/content/dam/chevrolet/na/mx/es/index/crossovers-suvs/2026-groove/mov/02-pdf/catalogo-groove-2026.pdf,Descargar catálogo,saved,data/oem_specs/chevrolet/catalogo-groove-2026.pdf
CHEVROLET,https://www.chevrolet.com.mx/suvs/2026-groove,https://www.chevrolet.com.mx/content/dam/chevrolet/na/mx/es/index/crossovers-suvs/2026-groove/mov/02-pdf/ficha-tecnica-groove-2026.pdf,Descargar ficha técnica,saved,data/oem_specs/chevrolet/ficha-tecnica-groove-2026.pdf
CHEVROLET,https://www.chevrolet.com.mx/suvs/2026-groove,https://www.chevrolet.com.mx/content/dam/chevrolet/na/mx/es/index/crossovers-suvs/2026-groove/mov/02-pdf/2026-groove-manual-propietario.pdf,Descargar manual de propietario,saved,data/oem_specs/chevrolet/2026-groove-manual-propietario.pdf
CHEVROLET,https://www.chevrolet.com.mx/suvs/2026-groove/especificaciones-automotriz,https://www.chevrolet.com.mx/suvs/groove-camioneta-pequena/especificaciones-automotriz,Especificaciones,linked,
CHEVROLET,https://www.chevrolet.com.mx/suvs/2026-groove/precios-y-promociones,https://www.chevrolet.com.mx/suvs/groove-camioneta-pequena/especificaciones-automotriz,Especificaciones,linked,
CHEVROLET,https://www.chevrolet.com.mx/suvs/2026-groove/aparta-aqui,https://www.chevrolet.com.mx/suvs/groove-camioneta-pequena/especificaciones-automotriz,Especificaciones,linked,
CHEVROLET,https://www.chevrolet.com.mx/suvs/2026-groove/cotizador,https://www.chevrolet.com.mx/suvs/groove-camioneta-pequena/especificaciones-automotriz,Especificaciones,linked,
CHEVROLET,https://www.chevrolet.com.mx/suvs/modelo-anterior/groove-camioneta-pequena,https://www.chevrolet.com.mx/content/dam/chevrolet/na/mx/es/index/crossovers-suvs/2025-groove/mov/02-pdf/Catalogo-Groove-2025-TLD.pdf,Descargar catálogo,saved,data/oem_specs/chevrolet/Catalogo-Groove-2025-TLD.pdf
CHEVROLET,https://www.chevrolet.com.mx/suvs/modelo-anterior/groove-camioneta-pequena,https://www.chevrolet.com.mx/content/dam/chevrolet/na/mx/es/index/crossovers-suvs/2025-groove/mov/02-pdf/ficha-tecnica-groove-2025-tld.pdf,Descargar ficha técnica,saved,data/oem_specs/chevrolet/ficha-tecnica-groove-2025-tld.pdf
CHEVROLET,https://www.chevrolet.com.mx/suvs/modelo-anterior/groove-camioneta-pequena,https://www.chevrolet.com.mx/content/dam/chevrolet/na/mx/es/index/crossovers-suvs/2025-groove/mov/02-pdf/25-CHEV-Groove-Manual-de-propietario-v1.pdf,Descargar manual del propietario,saved,data/oem_specs/chevrolet/25-CHEV-Groove-Manual-de-propietario-v1.pdf
CHEVROLET,https://www.chevrolet.com.mx/suvs/modelo-anterior/groove-camioneta-pequena/accesorios,https://www.chevrolet.com.mx/content/dam/chevrolet/na/mx/es/index/crossovers-suvs/2025-groove/mov/02-pdf/Catalogo-Accesorios-Groove-2025-TLD.pdf,Descargar catálogo de accesorios,saved,data/oem_specs/chevrolet/Catalogo-Accesorios-Groove-2025-TLD.pdf
CHEVROLET,https://www.chevrolet.com.mx/suvs/modelo-anterior/captiva-mejor-camioneta-familiar,https://www.chevrolet.com.mx/content/dam/chevrolet/na/mx/es/index/crossovers-suvs/2025-captiva/mov/02-pdf/catalogo-captiva-black-edition-2025.pdf,Descargar catálogo,saved,data/oem_specs/chevrolet/catalogo-captiva-black-edition-2025.pdf
CHEVROLET,https://www.chevrolet.com.mx/suvs/modelo-anterior/captiva-mejor-camioneta-familiar,https://www.chevrolet.com.mx/content/dam/chevrolet/na/mx/es/index/crossovers-suvs/2025-captiva/mov/02-pdf/ficha-tecnica-captiva-black-edition-2025-v2.pdf,Descargar ficha técnica,saved,data/oem_specs/chevrolet/ficha-tecnica-captiva-black-edition-2025-v2.pdf
CHEVROLET,https://www.chevrolet.com.mx/suvs/modelo-anterior/captiva-mejor-camioneta-familiar,https://www.chevrolet.com.mx/content/dam/chevrolet/na/mx/es/index/crossovers-suvs/2025-captiva/mov/02-pdf/captiva-manual-de-propietario.pdf,Descargar manual del propietario,saved,data/oem_specs/chevrolet/captiva-manual-de-propietario.pdf
CHEVROLET,https://www.chevrolet.com.mx/suvs/modelo-anterior/captiva-mejor-camioneta-familiar/accesorios,https://www.chevrolet.com.mx/content/dam/chevrolet/na/mx/es/index/crossovers-suvs/2025-captiva/accessories/02-pdf/catalogo-accesorios-captiva-black-edition-2025.pdf,Descargar catálogo de accesorios,saved,data/oem_specs/chevrolet/catalogo-accesorios-captiva-black-edition-2025.pdf
CHEVROLET,https://www.chevrolet.com.mx/autos/2025-aveo-hb,https://www.chevrolet.com.mx/content/dam/chevrolet/na/mx/es/index/cars/2025-aveo-hb/mov/02-pdf/Catalogo-Aveo-HB-2025-BE.pdf,Descargar catálogo,saved,data/oem_specs/chevrolet/Catalogo-Aveo-HB-2025-BE.pdf
CHEVROLET,https://www.chevrolet.com.mx/autos/2025-aveo-hb,https://www.chevrolet.com.mx/content/dam/chevrolet/na/mx/es/index/cars/2025-aveo-hb/mov/02-pdf/2025-Aveo-HB-Ficha-Tecnica-v3.pdf,Descargar ficha técnica,saved,data/oem_specs/chevrolet/2025-Aveo-HB-Ficha-Tecnica-v3.pdf
CHEVROLET,https://www.chevrolet.com.mx/autos/2025-aveo-hb,https://www.chevrolet.com.mx/content/dam/chevrolet/na/mx/es/index/cars/2025-aveo-hb/mov/02-pdf/2025-Manual-de-Propietario-Aveo-HB.pdf,Descargar manual del propietario,saved,data/oem_specs/chevrolet/2025-Manual-de-Propietario-Aveo-HB.pdf
CHEVROLET,https://www.chevrolet.com.mx/autos/2025-aveo-hb/accesorios,https://www.chevrolet.com.mx/content/dam/chevrolet/na/mx/es/index/cars/2025-aveo-hb/accessories/02-pdf/2025-Catalogo-Accesorios-Aveo-HB.pdf,Descargar catálogo de accesorios 2025,saved,data/oem_specs/chevrolet/2025-Catalogo-Accesorios-Aveo-HB.pdf
CHEVROLET,https://www.chevrolet.com.mx/autos/modelo-anterior/onix,https://www.chevrolet.com.mx/content/dam/chevrolet/na/mx/es/index/cars/2025-onix/mov/02-pdf/Catalogo-Onix-2025-TLD.pdf,Descargar catálogo,saved,data/oem_specs/chevrolet/Catalogo-Onix-2025-TLD.pdf
CHEVROLET,https://www.chevrolet.com.mx/autos/modelo-anterior/onix,https://www.chevrolet.com.mx/content/dam/chevrolet/na/mx/es/index/cars/2025-onix/mov/02-pdf/Ficha-Tecnica-Onix-2025-TLD.pdf,Descargar ficha técnica,saved,data/oem_specs/chevrolet/Ficha-Tecnica-Onix-2025-TLD.pdf
CHEVROLET,https://www.chevrolet.com.mx/autos/modelo-anterior/onix,https://www.chevrolet.com.mx/content/dam/chevrolet/na/mx/es/index/cars/2025-onix/mov/02-pdf/Manual-de-Propietario-Onix-MY2025.pdf,Descargar manual del propietario,saved,data/oem_specs/chevrolet/Manual-de-Propietario-Onix-MY2025.pdf
CHEVROLET,https://www.chevrolet.com.mx/autos/modelo-anterior/onix/accesorios-originales,https://www.chevrolet.com.mx/content/dam/chevrolet/na/mx/es/index/cars/2025-onix/accessories/pdf/Catalogo-Accesorios-Onix-2025-TLD.pdf,Descargar catálogo de accesorios 2025,saved,data/oem_specs/chevrolet/Catalogo-Accesorios-Onix-2025-TLD.pdf
CHEVROLET,https://www.chevrolet.com.mx/autos/modelo-anterior/aveo-sedan,https://www.chevrolet.com.mx/content/dam/chevrolet/na/mx/es/index/cars/2025-aveo-sedan/mov/02-pdf/catalogo-aveo-sedan-2025-v2.pdf,Descargar catálogo,saved,data/oem_specs/chevrolet/catalogo-aveo-sedan-2025-v2.pdf
CHEVROLET,https://www.chevrolet.com.mx/autos/modelo-anterior/aveo-sedan,https://www.chevrolet.com.mx/content/dam/chevrolet/na/mx/es/index/cars/2025-aveo-sedan/mov/02-pdf/Ficha Tecnica Aveo Sedan 2025 v3.pdf,Descargar ficha técnica,saved,data/oem_specs/chevrolet/Ficha_Tecnica_Aveo_Sedan_2025_v3.pdf
CHEVROLET,https://www.chevrolet.com.mx/autos/modelo-anterior/aveo-sedan,https://www.chevrolet.com.mx/content/dam/chevrolet/na/mx/es/index/cars/2025-aveo-sedan/mov/02-pdf/25-chev-aveo-om-manual-de-propietario.pdf,Descargar manual del propietario,saved,data/oem_specs/chevrolet/25-chev-aveo-om-manual-de-propietario.pdf
CHEVROLET,https://www.chevrolet.com.mx/autos/modelo-anterior/aveo-sedan/accesorios,https://www.chevrolet.com.mx/content/dam/chevrolet/na/mx/es/index/cars/2025-aveo-sedan/accessories/02-pdf/catalogo-accesorios-aveo-sedan-2025.pdf,Descargar catálogo de accesorios,saved,data/oem_specs/chevrolet/catalogo-accesorios-aveo-sedan-2025.pdf
CHEVROLET,https://www.chevrolet.com.mx/autos/2026-onix,https://www.chevrolet.com.mx/content/dam/chevrolet/na/mx/es/index/cars/2026-onix/mov/02-pdf/Catalogo-Onix-2026-TLD.pdf,Descargar catálogo,saved,data/oem_specs/chevrolet/Catalogo-Onix-2026-TLD.pdf
CHEVROLET,https://www.chevrolet.com.mx/autos/2026-onix,https://www.chevrolet.com.mx/content/dam/chevrolet/na/mx/es/index/cars/2026-onix/mov/02-pdf/Ficha-Tecnica-Onix-2026-TLD.pdf,Descargar ficha técnica,saved,data/oem_specs/chevrolet/Ficha-Tecnica-Onix-2026-TLD.pdf
CHEVROLET,https://www.chevrolet.com.mx/autos/2026-onix,https://www.chevrolet.com.mx/content/dam/chevrolet/na/mx/es/index/cars/2026-onix/mov/02-pdf/Manual-de-Propietario-2026.pdf,Descargar manual de propietario,saved,data/oem_specs/chevrolet/Manual-de-Propietario-2026.pdf
CHEVROLET,https://www.chevrolet.com.mx/autos/2026-onix/accesorios-originales,https://www.chevrolet.com.mx/content/dam/chevrolet/na/mx/es/index/cars/2026-onix/mov/02-pdf/Catalogo-Accesorios-Onix-2026.pdf,Descargar catálogo de accesorios 2026,saved,data/oem_specs/chevrolet/Catalogo-Accesorios-Onix-2026.pdf
CHEVROLET,https://www.chevrolet.com.mx/autos/aveo-auto-tipo-sedan,https://www.chevrolet.com.mx/content/dam/chevrolet/na/mx/es/index/cars/2026-aveo-sedan/mov/02-pdf/Catalogo-Aveo-Sedan-2026.pdf,Descargar catálogo,saved,data/oem_specs/chevrolet/Catalogo-Aveo-Sedan-2026.pdf
CHEVROLET,https://www.chevrolet.com.mx/autos/aveo-auto-tipo-sedan,https://www.chevrolet.com.mx/content/dam/chevrolet/na/mx/es/index/cars/2026-aveo-sedan/mov/02-pdf/Ficha-Tecnica-Aveo-Sedan-2026.pdf,Descargar ficha técnica,saved,data/oem_specs/chevrolet/Ficha-Tecnica-Aveo-Sedan-2026.pdf
CHEVROLET,https://www.chevrolet.com.mx/suvs/tracker-mejor-suv-2025,https://www.chevrolet.com.mx/content/dam/chevrolet/na/mx/es/index/crossovers-suvs/2025-tracker/mov/02-pdf/Catalogo-Tracker-2025-TLD.pdf,Descargar catálogo,saved,data/oem_specs/chevrolet/Catalogo-Tracker-2025-TLD.pdf
CHEVROLET,https://www.chevrolet.com.mx/suvs/tracker-mejor-suv-2025,https://www.chevrolet.com.mx/content/dam/chevrolet/na/mx/es/index/crossovers-suvs/2025-tracker/mov/02-pdf/Ficha-Tecnica-Tracker-2025-TLD.pdf,Descargar ficha técnica,saved,data/oem_specs/chevrolet/Ficha-Tecnica-Tracker-2025-TLD.pdf
CHEVROLET,https://www.chevrolet.com.mx/suvs/tracker-mejor-suv-2025,https://www.chevrolet.com.mx/content/dam/chevrolet/na/mx/es/index/crossovers-suvs/2025-tracker/mov/02-pdf/manual-de-propietario.pdf,Descargar manual de propietario,saved,data/oem_specs/chevrolet/manual-de-propietario.pdf
CHEVROLET,https://www.chevrolet.com.mx/suvs/tracker-mejor-suv-2025/accesorios-automotrices,https://www.chevrolet.com.mx/content/dam/chevrolet/na/mx/es/index/crossovers-suvs/2025-tracker/accessories/02-pdf/catalogo-accesorios-tracker-2025-tld.pdf,Descargar catálogo de accesorios,saved,data/oem_specs/chevrolet/catalogo-accesorios-tracker-2025-tld.pdf
CHEVROLET,https://www.chevrolet.com.mx/suvs/2025-trax-ng,https://www.chevrolet.com.mx/content/dam/chevrolet/na/mx/es/index/crossovers-suvs/2025-trax-ng/mov/02-pdf/2025-Catalogo-Trax.pdf,Descargar catálogo,saved,data/oem_specs/chevrolet/2025-Catalogo-Trax.pdf
CHEVROLET,https://www.chevrolet.com.mx/suvs/2025-trax-ng,https://www.chevrolet.com.mx/content/dam/chevrolet/na/mx/es/index/crossovers-suvs/2025-trax-ng/mov/02-pdf/2025-Ficha-Tecnica-Trax.pdf,Descargar ficha técnica,saved,data/oem_specs/chevrolet/2025-Ficha-Tecnica-Trax.pdf
CHEVROLET,https://www.chevrolet.com.mx/suvs/2025-trax-ng,https://www.chevrolet.com.mx/content/dam/chevrolet/na/mx/es/index/crossovers-suvs/2025-trax-ng/mov/02-pdf/2025-Trax-NG-Manual-de-Propietario.pdf,Descargar manual del propietario,saved,data/oem_specs/chevrolet/2025-Trax-NG-Manual-de-Propietario.pdf
CHEVROLET,https://www.chevrolet.com.mx/suvs/2025-trax-ng/accesorios,https://www.chevrolet.com.mx/content/dam/chevrolet/na/mx/es/index/crossovers-suvs/2025-trax-ng/accesories/02-pdf/2025-Catalogo-Accesorios-Trax-NG.pdf,Descargar catálogo de accesorios,saved,data/oem_specs/chevrolet/2025-Catalogo-Accesorios-Trax-NG.pdf
CHEVROLET,https://www.chevrolet.com.mx/suvs/2025-blazer,https://www.chevrolet.com.mx/content/dam/chevrolet/na/mx/es/index/crossovers-suvs/2025-blazer/mov/02-pdf/catalogo-blazer-2025-tld.pdf,Descargar catálogo,saved,data/oem_specs/chevrolet/catalogo-blazer-2025-tld.pdf
CHEVROLET,https://www.chevrolet.com.mx/suvs/2025-blazer,https://www.chevrolet.com.mx/content/dam/chevrolet/na/mx/es/index/crossovers-suvs/2025-blazer/mov/02-pdf/ficha-tecnica-blazer-2025-tld.pdf,Descargar ficha técnica,saved,data/oem_specs/chevrolet/ficha-tecnica-blazer-2025-tld.pdf
CHEVROLET,https://www.chevrolet.com.mx/suvs/2025-blazer,https://www.chevrolet.com.mx/content/dam/chevrolet/na/mx/es/index/crossovers-suvs/2025-blazer/mov/02-pdf/blazer-2025-manual-de-propietario.pdf,Descargar manual del propietario,saved,data/oem_specs/chevrolet/blazer-2025-manual-de-propietario.pdf
CHEVROLET,https://www.chevrolet.com.mx/suvs/2025-blazer/accesorios,https://www.chevrolet.com.mx/content/dam/chevrolet/na/mx/es/index/crossovers-suvs/2025-blazer/accessories/02-pdf/catalogo-accesorios-blazer-2025-tld.pdf,Descargar catálogo de accesorios,saved,data/oem_specs/chevrolet/catalogo-accesorios-blazer-2025-tld.pdf
CHEVROLET,https://www.chevrolet.com.mx/suvs/2025-tahoe,https://www.chevrolet.com.mx/content/dam/chevrolet/na/mx/es/index/crossovers-suvs/2025-tahoe/mov/02-pdf/Catalogo-Tahoe-2025.pdf,Descargar catálogo,saved,data/oem_specs/chevrolet/Catalogo-Tahoe-2025.pdf
CHEVROLET,https://www.chevrolet.com.mx/suvs/2025-tahoe,https://www.chevrolet.com.mx/content/dam/chevrolet/na/mx/es/index/crossovers-suvs/2025-tahoe/mov/02-pdf/Ficha-Tecnica-Tahoe-2025-TLD.pdf,Descargar ficha técnica,saved,data/oem_specs/chevrolet/Ficha-Tecnica-Tahoe-2025-TLD.pdf
CHEVROLET,https://www.chevrolet.com.mx/suvs/2025-tahoe,https://www.chevrolet.com.mx/content/dam/chevrolet/na/mx/es/index/crossovers-suvs/2025-tahoe/mov/02-pdf/2025-tahoe-manual-de-propietario.pdf,Descargar manual de propietario,saved,data/oem_specs/chevrolet/2025-tahoe-manual-de-propietario.pdf
CHEVROLET,https://www.chevrolet.com.mx/suvs/2025-tahoe/accesorios,https://www.chevrolet.com.mx/content/dam/chevrolet/na/mx/es/index/crossovers-suvs/2025-tahoe/accessories/02-pdf/Catalogo-Accesorios-Tahoe-2025-TLD.pdf,Descargar catálogo de accesorios,saved,data/oem_specs/chevrolet/Catalogo-Accesorios-Tahoe-2025-TLD.pdf
CHEVROLET,https://www.chevrolet.com.mx/suvs/2025-suburban,https://www.chevrolet.com.mx/content/dam/chevrolet/na/mx/es/index/crossovers-suvs/2025-suburban/mov/02-pdf/catalogo-suburban-2025.pdf,Descargar catálogo,saved,data/oem_specs/chevrolet/catalogo-suburban-2025.pdf
CHEVROLET,https://www.chevrolet.com.mx/suvs/2025-suburban,https://www.chevrolet.com.mx/content/dam/chevrolet/na/mx/es/index/crossovers-suvs/2025-suburban/mov/02-pdf/ficha-tecnica-suburban-2025.pdf,Descargar ficha técnica,saved,data/oem_specs/chevrolet/ficha-tecnica-suburban-2025.pdf
CHEVROLET,https://www.chevrolet.com.mx/suvs/2025-suburban,https://www.chevrolet.com.mx/content/dam/chevrolet/na/mx/es/index/crossovers-suvs/2025-suburban/mov/02-pdf/2025-suburban-manual-de-propietario.pdf,Descargar manual de propietario,saved,data/oem_specs/chevrolet/2025-suburban-manual-de-propietario.pdf
CHEVROLET,https://www.chevrolet.com.mx/suvs/2025-suburban/accesorios,https://www.chevrolet.com.mx/content/dam/chevrolet/na/mx/es/index/crossovers-suvs/2025-suburban/accessories/02-pdf/Catalogo-Accesorios-Suburban-2025-TLD.pdf,Descargar catálogo de accesorios,saved,data/oem_specs/chevrolet/Catalogo-Accesorios-Suburban-2025-TLD.pdf
CHEVROLET,https://www.chevrolet.com.mx/suvs/traverse-camioneta-para-7-pasajeros,https://www.chevrolet.com.mx/content/dam/chevrolet/na/mx/es/index/crossovers-suvs/2025-traverse/mov/02-pdf/Catalogo Traverse 2025.pdf,Descargar catálogo,saved,data/oem_specs/chevrolet/Catalogo_Traverse_2025.pdf
CHEVROLET,https://www.chevrolet.com.mx/suvs/traverse-camioneta-para-7-pasajeros,https://www.chevrolet.com.mx/content/dam/chevrolet/na/mx/es/index/crossovers-suvs/2025-traverse/mov/02-pdf/Ficha Tecnica Traverse 2025 TLD.pdf,Descargar ficha técnica,saved,data/oem_specs/chevrolet/Ficha_Tecnica_Traverse_2025_TLD.pdf
CHEVROLET,https://www.chevrolet.com.mx/suvs/traverse-camioneta-para-7-pasajeros,https://www.chevrolet.com.mx/content/dam/chevrolet/na/mx/es/index/crossovers-suvs/2025-traverse/mov/02-pdf/Traverse-2025-manual-de-propietario.pdf,Descargar manual del propietario,saved,data/oem_specs/chevrolet/Traverse-2025-manual-de-propietario.pdf
CHEVROLET,https://www.chevrolet.com.mx/suvs/traverse-camioneta-para-7-pasajeros/accesorios,https://www.chevrolet.com.mx/content/dam/chevrolet/na/mx/es/index/crossovers-suvs/2025-traverse/accessories/02-pdf/Catalogo Accesorios Traverse 2025 TLD.pdf,Descargar catálogo de accesorios,saved,data/oem_specs/chevrolet/Catalogo_Accesorios_Traverse_2025_TLD.pdf
CHEVROLET,https://www.chevrolet.com.mx/suvs/2026-groove,https://www.chevrolet.com.mx/suvs/groove-camioneta-pequena/especificaciones-automotriz,Especificaciones,linked,
CHEVROLET,https://www.chevrolet.com.mx/suvs/2026-groove,https://www.chevrolet.com.mx/content/dam/chevrolet/na/mx/es/index/crossovers-suvs/2026-groove/mov/02-pdf/catalogo-groove-2026.pdf,Descargar catálogo,saved,data/oem_specs/chevrolet/catalogo-groove-2026.pdf
CHEVROLET,https://www.chevrolet.com.mx/suvs/2026-groove,https://www.chevrolet.com.mx/content/dam/chevrolet/na/mx/es/index/crossovers-suvs/2026-groove/mov/02-pdf/ficha-tecnica-groove-2026.pdf,Descargar ficha técnica,saved,data/oem_specs/chevrolet/ficha-tecnica-groove-2026.pdf
CHEVROLET,https://www.chevrolet.com.mx/suvs/2026-groove,https://www.chevrolet.com.mx/content/dam/chevrolet/na/mx/es/index/crossovers-suvs/2026-groove/mov/02-pdf/2026-groove-manual-propietario.pdf,Descargar manual de propietario,saved,data/oem_specs/chevrolet/2026-groove-manual-propietario.pdf
CHEVROLET,https://www.chevrolet.com.mx/suvs/2026-groove/especificaciones-automotriz,https://www.chevrolet.com.mx/suvs/groove-camioneta-pequena/especificaciones-automotriz,Especificaciones,linked,
CHEVROLET,https://www.chevrolet.com.mx/suvs/2026-groove/precios-y-promociones,https://www.chevrolet.com.mx/suvs/groove-camioneta-pequena/especificaciones-automotriz,Especificaciones,linked,
CHEVROLET,https://www.chevrolet.com.mx/suvs/2026-groove/aparta-aqui,https://www.chevrolet.com.mx/suvs/groove-camioneta-pequena/especificaciones-automotriz,Especificaciones,linked,
CHEVROLET,https://www.chevrolet.com.mx/suvs/2026-groove/cotizador,https://www.chevrolet.com.mx/suvs/groove-camioneta-pequena/especificaciones-automotriz,Especificaciones,linked,
CHEVROLET,https://www.chevrolet.com.mx/suvs/modelo-anterior/groove-camioneta-pequena,https://www.chevrolet.com.mx/content/dam/chevrolet/na/mx/es/index/crossovers-suvs/2025-groove/mov/02-pdf/Catalogo-Groove-2025-TLD.pdf,Descargar catálogo,saved,data/oem_specs/chevrolet/Catalogo-Groove-2025-TLD.pdf
CHEVROLET,https://www.chevrolet.com.mx/suvs/modelo-anterior/groove-camioneta-pequena,https://www.chevrolet.com.mx/content/dam/chevrolet/na/mx/es/index/crossovers-suvs/2025-groove/mov/02-pdf/ficha-tecnica-groove-2025-tld.pdf,Descargar ficha técnica,saved,data/oem_specs/chevrolet/ficha-tecnica-groove-2025-tld.pdf
CHEVROLET,https://www.chevrolet.com.mx/suvs/modelo-anterior/groove-camioneta-pequena,https://www.chevrolet.com.mx/content/dam/chevrolet/na/mx/es/index/crossovers-suvs/2025-groove/mov/02-pdf/25-CHEV-Groove-Manual-de-propietario-v1.pdf,Descargar manual del propietario,saved,data/oem_specs/chevrolet/25-CHEV-Groove-Manual-de-propietario-v1.pdf
CHEVROLET,https://www.chevrolet.com.mx/suvs/modelo-anterior/groove-camioneta-pequena/accesorios,https://www.chevrolet.com.mx/content/dam/chevrolet/na/mx/es/index/crossovers-suvs/2025-groove/mov/02-pdf/Catalogo-Accesorios-Groove-2025-TLD.pdf,Descargar catálogo de accesorios,saved,data/oem_specs/chevrolet/Catalogo-Accesorios-Groove-2025-TLD.pdf
CHEVROLET,https://www.chevrolet.com.mx/suvs/modelo-anterior/captiva-mejor-camioneta-familiar,https://www.chevrolet.com.mx/content/dam/chevrolet/na/mx/es/index/crossovers-suvs/2025-captiva/mov/02-pdf/catalogo-captiva-black-edition-2025.pdf,Descargar catálogo,saved,data/oem_specs/chevrolet/catalogo-captiva-black-edition-2025.pdf
CHEVROLET,https://www.chevrolet.com.mx/suvs/modelo-anterior/captiva-mejor-camioneta-familiar,https://www.chevrolet.com.mx/content/dam/chevrolet/na/mx/es/index/crossovers-suvs/2025-captiva/mov/02-pdf/ficha-tecnica-captiva-black-edition-2025-v2.pdf,Descargar ficha técnica,saved,data/oem_specs/chevrolet/ficha-tecnica-captiva-black-edition-2025-v2.pdf
CHEVROLET,https://www.chevrolet.com.mx/suvs/modelo-anterior/captiva-mejor-camioneta-familiar,https://www.chevrolet.com.mx/content/dam/chevrolet/na/mx/es/index/crossovers-suvs/2025-captiva/mov/02-pdf/captiva-manual-de-propietario.pdf,Descargar manual del propietario,saved,data/oem_specs/chevrolet/captiva-manual-de-propietario.pdf
CHEVROLET,https://www.chevrolet.com.mx/suvs/modelo-anterior/captiva-mejor-camioneta-familiar/accesorios,https://www.chevrolet.com.mx/content/dam/chevrolet/na/mx/es/index/crossovers-suvs/2025-captiva/accessories/02-pdf/catalogo-accesorios-captiva-black-edition-2025.pdf,Descargar catálogo de accesorios,saved,data/oem_specs/chevrolet/catalogo-accesorios-captiva-black-edition-2025.pdf
CHEVROLET,https://www.chevrolet.com.mx/suvs/2026-captiva,https://www.chevrolet.com.mx/content/dam/chevrolet/na/mx/es/index/crossovers-suvs/2026-captiva/mov/02-pdf/Catalogo-Captiva-2026.pdf,Descargar catálogo,saved,data/oem_specs/chevrolet/Catalogo-Captiva-2026.pdf
CHEVROLET,https://www.chevrolet.com.mx/suvs/2026-captiva,https://www.chevrolet.com.mx/content/dam/chevrolet/na/mx/es/index/crossovers-suvs/2026-captiva/mov/02-pdf/Ficha-Tecnica-Captiva-2026.pdf,Descargar ficha técnica,saved,data/oem_specs/chevrolet/Ficha-Tecnica-Captiva-2026.pdf
CHEVROLET,https://www.chevrolet.com.mx/suvs/2026-captiva,https://www.chevrolet.com.mx/content/dam/chevrolet/na/mx/es/index/crossovers-suvs/2026-captiva/mov/02-pdf/2026_Captiva_Manual_de_Propietario.pdf,Descargar manual del propietario,saved,data/oem_specs/chevrolet/2026_Captiva_Manual_de_Propietario.pdf
CHEVROLET,https://www.chevrolet.com.mx/suvs/2026-captiva/accesorios,https://www.chevrolet.com.mx/content/dam/chevrolet/na/mx/es/index/crossovers-suvs/2026-captiva/accessories/02-pdf/Catalogo-Accesorios-Captiva-2026.pdf,Descargar catálogo de accesorios,saved,data/oem_specs/chevrolet/Catalogo-Accesorios-Captiva-2026.pdf
