make,model,version,ano,mot_tipo_motor,mot_potencia_hp,mot_torque_nm,mot_aspiracion,mot_traccion,mot_transmision,mot_marchas,dim_largo_mm,dim_ancho_mm,dim_alto_mm,dim_batalla_mm,dim_peso_kg,cap_baul_l,cap_carga_util_kg,remolque_frenado_kg,cap_plazas,seg_pas_airbags_cnt,seg_act_abs,seg_act_esp,eff_consumo_l_100km,eff_kwh_100km,eff_co2_g_km,bateria_kwh,autonomia_km,carga_dc_kw,carga_ac_kw,info_pantalla_pulg,info_android_auto,info_apple_carplay,info_camara_360,info_cargador_inalambrico,amen_techo_panoramico,conf_asientos_calefaccion,conf_asientos_ventilacion,adas_aeb,adas_acc,adas_lka,adas_bsm,adas_rcta,luces_matriz_led,chasis_frenos_del,chasis_frenos_tras,chasis_susp_del,chasis_susp_tras,ruedas_neumatico_medida,ruedas_rin_pulg,angulo_ataque_deg,angulo_salida_deg,angulo_quiebre_deg,despeje_suelo_mm,cap_tanque_l,fuente_url,ano_source,ano_catalog,audit_status
CHEVROLET,AVEO,"B LT, MANUAL CON A/A, ALARMA, RADIO, BLU",2025,gasolina,5.8,,,,●,6.0,,,,,,,,,,2.0,1,1,,,,,,,,,1,1,0,0,0,0,0,0,0,0,0,0,0,,,,●,,,,,,,,file://data/oem_specs_processed/chevrolet/2025-Aveo-HB-Ficha-Tecnica-v3.pdf,file:ano,2015,conflict
2025,CATALOGO,ACCESORIOS,2025,,,,,,,,,,,,,,,,,,0,0,,,,,,,,,0,0,0,0,0,0,0,0,0,0,0,0,0,,,,,,,,,,,,file://data/oem_specs_processed/chevrolet/2025-Catalogo-Accesorios-Aveo-HB.pdf,file:ano,,ok
CHEVROLET,TRAX,B LT,2025,,,,,,,,,,,,,,,,,,0,0,,,,,,,,,0,0,0,0,0,0,0,0,0,0,0,0,0,,,,,,,,,,,,file://data/oem_specs_processed/chevrolet/2025-Catalogo-Accesorios-Trax-NG.pdf,file:ano,2013,conflict
CHEVROLET,TRAX,D LTZ TURBO,2025,gasolina,5.0,2.5,,,AUTOMÁTICA,6.0,,,,,,,,,,2.0,0,0,,,,,,,,11.0,1,1,0,1,0,0,0,0,0,0,0,0,0,,,,,,,,,,,,file://data/oem_specs_processed/chevrolet/2025-Catalogo-Trax.pdf,file:ano,2014,conflict
CHEVROLET,TRAX,D LTZ TURBO,2025,gasolina,5.0,,,FWD,AUTOMÁTICA,6.0,,,,,,,,,,2.0,1,1,,,,,,,,11.0,1,1,0,1,0,0,0,0,0,0,0,0,0,● ●,,,,,,,,,,,file://data/oem_specs_processed/chevrolet/2025-Ficha-Tecnica-Trax.pdf,file:ano,2014,conflict
CHEVROLET,AVEO,"B LT, MANUAL CON A/A, ALARMA, RADIO, BLU",2025,,,,,,,,,,,,,,,,,,0,0,,,,,,,,,0,0,0,0,0,0,0,0,1,0,0,0,0,,,,,,,,,,,,file://data/oem_specs_processed/chevrolet/2025-Manual-de-Propietario-Aveo-HB.pdf,file:ano,2015,conflict
CHEVROLET,TRAX,B LT,2025,gasolina,,,,,,,,,,,,,,,,,1,1,,,,,,,,,0,0,0,0,0,1,0,0,0,1,0,0,0,,,,,,,,,,,,file://data/oem_specs_processed/chevrolet/2025-Trax-NG-Manual-de-Propietario.pdf,file:ano,2013,conflict
CHEVROLET,SUBURBAN,5.3L D 4X4 PIEL DVD QUEMACOCOS,2025,diésel,,,,,AT,,,,,,,,,,,,1,1,,,,,,,,,0,0,0,0,0,1,0,0,0,1,0,0,0,,,,,,,,,,,,file://data/oem_specs_processed/chevrolet/2025-suburban-manual-de-propietario.pdf,file:ano,2009,conflict
CHEVROLET,TAHOE,D PIEL QUEMACOCOS DVD,2025,diésel,,,,,AT,,,,,,,,,,,,1,1,,,,,,,,,0,0,0,0,0,1,0,0,0,1,0,0,0,,,,,,,,,,,,file://data/oem_specs_processed/chevrolet/2025-tahoe-manual-de-propietario.pdf,file:ano,2008,conflict
CHEVROLET,GROOVE,LT AUTOMÁTICO E,2026,,,,,,AT,,,,,,,,,,,,0,0,,,,,,,,,0,0,0,0,0,0,0,0,0,0,0,0,0,,,,,,,,,,,,file://data/oem_specs_processed/chevrolet/2026-groove-manual-propietario.pdf,file:ano,2024,conflict
CHEVROLET,CAPTIVA,LT A,2026,,,,,,AT,,,,,,,,,,,,0,0,,,,,,,,,0,0,0,0,0,0,0,0,1,0,0,0,0,,,,,,,,,,,,file://data/oem_specs_processed/chevrolet/2026_Captiva_Manual_de_Propietario.pdf,file:ano,2022,conflict
CHEVROLET,GROOVE,LT AUTOMÁTICO E,2025,,,1.0,,,AT,,,,,,,,,,,,0,0,,,,,,,,,0,0,0,0,0,0,0,0,1,0,0,0,0,,,,,,,,,,,,file://data/oem_specs_processed/chevrolet/25-CHEV-Groove-Manual-de-propietario-v1.pdf,text:ano,2024,conflict
CHEVROLET,AVEO,"B LT, MANUAL CON A/A, ALARMA, RADIO, BLU",2024,,,,,,,,,,,,,,,,,,0,0,,,,,,,,,0,0,0,0,0,0,0,0,1,0,0,0,0,,,,,,,,,,,,file://data/oem_specs_processed/chevrolet/25-chev-aveo-om-manual-de-propietario.pdf,text:ano,2015,conflict
CATALOGO,ACCESORIOS,CAPTIVA,2026,,,,,,,,,,,,,,,,,,0,0,,,,,,,,,0,0,0,0,0,0,0,0,0,0,0,0,0,,,,,,,,,,,,file://data/oem_specs_processed/chevrolet/Catalogo-Accesorios-Captiva-2026.pdf,file:ano,,ok
CATALOGO,ACCESORIOS,GROOVE,2025,,,,,,,,,,,,,,,,,,0,0,,,,,,,,,0,0,0,0,0,0,0,0,0,0,0,0,0,,,,,,,,,,,,file://data/oem_specs_processed/chevrolet/Catalogo-Accesorios-Groove-2025-TLD.pdf,file:ano,,ok
CHEVROLET,ONIX,LT D,2025,,,,,,,,,,,,,,,,,,0,0,,,,,,,,,0,0,0,0,0,0,0,0,0,0,0,0,0,,,,,,,,,,,,file://data/oem_specs_processed/chevrolet/Catalogo-Accesorios-Onix-2025-TLD.pdf,file:ano,2021,conflict
KIA,RIO,EX 1.6 AT,2026,,,,,,,,,,,,,,,,,,0,0,,,,,,,,,0,0,0,0,0,0,0,0,0,0,0,0,0,,,,,,,,,,,,file://data/oem_specs_processed/chevrolet/Catalogo-Accesorios-Onix-2026.pdf,file:ano,2018,conflict
CHEVROLET,SUBURBAN,HIGH COUNTRY G,2025,,,,,,,,,,,,,,,,,,0,0,,,,,,,,,0,0,0,0,0,0,0,0,0,0,0,0,0,,,,,,,,,,,,file://data/oem_specs_processed/chevrolet/Catalogo-Accesorios-Suburban-2025-TLD.pdf,file:ano,2021,conflict
CHEVROLET,TAHOE,HIGH COUNTRY G,2025,,,,,,,,,,,,,,,,,,0,0,,,,,,,,,0,0,0,0,0,0,0,0,0,0,0,0,0,,,,,,,,,,,,file://data/oem_specs_processed/chevrolet/Catalogo-Accesorios-Tahoe-2025-TLD.pdf,file:ano,2021,conflict
CHEVROLET,AVEO,"B LT, MANUAL CON A/A, ALARMA, RADIO, BLU",2025,gasolina,,,,,MANUAL,6.0,,,,,,475.0,,,,,1,1,4.9,,,,,,,,1,1,0,0,0,0,0,0,0,0,0,0,0,,,,,,,,,,,,file://data/oem_specs_processed/chevrolet/Catalogo-Aveo-HB-2025-BE.pdf,file:ano,2015,conflict
CHEVROLET,AVEO,"B LT, MANUAL CON A/A, ALARMA, RADIO, BLU",2026,gasolina,,,,,MANUAL,6.0,,,,,,475.0,,,,,1,1,4.9,,,,,,,,1,1,0,0,0,0,0,0,0,0,0,0,0,,,,,,,,,,,,file://data/oem_specs_processed/chevrolet/Catalogo-Aveo-Sedan-2026.pdf,file:ano,2015,conflict
CHEVROLET,CAPTIVA,PREMIER BLACK EDITION D,2026,gasolina,1.5,,,,AUTOMÁTICA,,,,,,,,,,,,1,1,,,,,,,,10.4,1,1,1,0,1,0,0,0,0,0,0,0,0,,,,,,,,,,,,file://data/oem_specs_processed/chevrolet/Catalogo-Captiva-2026.pdf,file:ano,2025,conflict
CHEVROLET,GROOVE,LT MANUAL D,2025,gasolina,,,,,CVT,6.0,,,,,,,,,,2.0,1,1,,,,,,,,,1,1,0,0,1,0,0,0,0,0,0,0,0,,,,,,,,,,,,file://data/oem_specs_processed/chevrolet/Catalogo-Groove-2025-TLD.pdf,file:ano,2023,conflict
CHEVROLET,ONIX,LT D,2025,gasolina,,,,,MANUAL,5.0,,,,,,469.0,,,,2.0,1,1,4.27,,,,,,,,1,1,0,0,0,0,0,0,0,0,0,0,0,,,,,,,,,,,,file://data/oem_specs_processed/chevrolet/Catalogo-Onix-2025-TLD.pdf,file:ano,2021,conflict
CHEVROLET,ONIX,PREMIER G,2026,gasolina,,,,,MANUAL,5.0,,,,,,,,,,2.0,1,1,4.27,,,,,,,,1,1,0,0,0,0,0,0,0,0,0,0,0,,,,,,,,,,,,file://data/oem_specs_processed/chevrolet/Catalogo-Onix-2026-TLD.pdf,file:ano,2021,conflict
CHEVROLET,TAHOE,HIGH COUNTRY G,2025,gasolina,5.6,,,4X4,AUTOMÁTICA,10.0,,,,,,,,,,2.0,0,0,,,,,,,,,1,1,0,1,1,0,0,0,0,0,1,0,0,,,,,,,,,,,,file://data/oem_specs_processed/chevrolet/Catalogo-Tahoe-2025.pdf,file:ano,2021,conflict
CHEVROLET,TRACKER,LS SIN ON F,2025,gasolina,,,,FWD,AUTOMÁTICA,6.0,,,,,,,,,,2.0,1,0,3.48,,,,,,,,1,1,0,1,1,0,0,0,0,0,1,0,0,,,,,,,,,,,,file://data/oem_specs_processed/chevrolet/Catalogo-Tracker-2025-TLD.pdf,file:ano,2022,conflict
CHEVROLET,TRAVERSE,LT PIEL CON QUEMACOCOS B,2025,,,,,,,,,,,,,,,,,,0,0,,,,,,,,,0,0,0,0,0,0,0,0,0,0,0,0,0,,,,,,,,,,,,file://data/oem_specs_processed/chevrolet/Catalogo_Accesorios_Traverse_2025_TLD.pdf,file:ano,2009,conflict
CHEVROLET,TRAVERSE,LT PIEL CON QUEMACOCOS B,2025,gasolina,,,,FWD,,,,,,,,,,,,,0,0,,,,,,,,,1,1,0,1,1,0,0,0,0,0,0,0,0,,,,,,,,,,,,file://data/oem_specs_processed/chevrolet/Catalogo_Traverse_2025.pdf,file:ano,2009,conflict
CHEVROLET,AVEO,"B LT, MANUAL CON A/A, ALARMA, RADIO, BLU",2026,●,5.8,,,,●,6.0,,,,,,475.0,,,,2.0,1,1,,,,,,,,,1,1,0,0,0,0,0,0,0,0,0,0,0,,,,,,,,,,,,file://data/oem_specs_processed/chevrolet/Ficha-Tecnica-Aveo-Sedan-2026.pdf,file:ano,2015,conflict
CHEVROLET,CAPTIVA,PREMIER BLACK EDITION D,2026,gasolina,184.0,,,,●,,,,,,,,,,,2.0,1,0,,,,,,,,10.4,1,1,1,0,0,0,0,0,0,0,0,0,0,,,●,,,,,,,,,file://data/oem_specs_processed/chevrolet/Ficha-Tecnica-Captiva-2026.pdf,file:ano,2025,conflict
CHEVROLET,ONIX,LT D,2025,●,,,,,●,5.0,,,,,,,,,,2.0,1,0,,,,,,,,,1,1,0,0,0,0,0,0,0,0,0,0,0,,,,,,,,,,,,file://data/oem_specs_processed/chevrolet/Ficha-Tecnica-Onix-2025-TLD.pdf,file:ano,2021,conflict
CHEVROLET,ONIX,LT D,2026,●,,,,,●,5.0,,,,,,,,,,2.0,1,0,,,,,,,,,1,1,0,0,0,0,0,0,0,0,0,0,0,,,,,,,,,,,,file://data/oem_specs_processed/chevrolet/Ficha-Tecnica-Onix-2026-TLD.pdf,file:ano,2021,conflict
CHEVROLET,TAHOE,HIGH COUNTRY G,2025,●,5.6,,,4X4,AUTOMÁTICA,10.0,,,,,,,,,,2.0,0,0,,,,,,,,12.6,1,0,0,1,1,0,0,0,1,0,1,0,0,,,,,,,,,,,,file://data/oem_specs_processed/chevrolet/Ficha-Tecnica-Tahoe-2025-TLD.pdf,file:ano,2021,conflict
CHEVROLET,TRACKER,4X2 HARD TOP AT BASE A,2025,gasolina,5.5,,,,●,5.0,,,,,,,,,,2.0,1,0,,,,,,,,,1,1,0,1,0,0,0,0,0,0,1,0,0,●,,●,,,,,,,,,file://data/oem_specs_processed/chevrolet/Ficha-Tecnica-Tracker-2025-TLD.pdf,file:ano,1998,conflict
CHEVROLET,AVEO,"B LT, MANUAL CON A/A, ALARMA, RADIO, BLU",2025,●,5.8,,,,●,6.0,,,,,,475.0,,,,2.0,1,1,,,,,,,,,1,1,0,0,0,0,0,0,0,0,0,0,0,,,,,,,,,,,,file://data/oem_specs_processed/chevrolet/Ficha_Tecnica_Aveo_Sedan_2025_v3.pdf,file:ano,2015,conflict
CHEVROLET,TRAVERSE,LT PIEL CON QUEMACOCOS B,2025,gasolina,5.5,,,FWD,AUTOMÁTICA,8.0,,,,,,,,,7.0,,1,0,,,,,,,,17.7,1,1,0,0,0,0,0,1,1,0,0,0,0,●,,,,,,,,,,,file://data/oem_specs_processed/chevrolet/Ficha_Tecnica_Traverse_2025_TLD.pdf,file:ano,2009,conflict
MANUAL,DE,PROPIETARIO,2026,gasolina,,,,,AUTOMÁTICA,,,,,,,,,,,,0,0,,,,,,,,,0,0,0,0,0,0,0,0,0,0,0,0,0,,,,,,,,,,,,file://data/oem_specs_processed/chevrolet/Manual-de-Propietario-2026.pdf,file:ano,,ok
CHEVROLET,ONIX,LT D,2024,gasolina,,71.0,,,AUTOMÁTICA,,,,,,,,,,,,0,0,,,,,,,,,0,0,0,0,0,0,0,0,0,0,0,0,0,,,,,,,,,,,,file://data/oem_specs_processed/chevrolet/Manual-de-Propietario-Onix-MY2025.pdf,text:ano,2021,conflict
CHEVROLET,TRAVERSE,LT PIEL CON QUEMACOCOS B,2025,gasolina,,,,,,,,,,,,,,,,,1,1,,,,,,,,,0,0,0,0,0,0,0,0,0,0,0,0,0,,,,,,,,,,,,file://data/oem_specs_processed/chevrolet/Traverse-2025-manual-de-propietario.pdf,file:ano,2009,conflict
CHEVROLET,BLAZER,RS C,2025,gasolina,,,,,,,,,,,,,,,,,1,1,,,,,,,,,0,0,0,0,0,1,0,0,0,1,0,0,0,,,,,,,,,,,,file://data/oem_specs_processed/chevrolet/blazer-2025-manual-de-propietario.pdf,file:ano,2019,conflict
CHEVROLET,CAPTIVA,LT A,2025,,,,,,AT,,,,,,,,,,,,0,0,,,,,,,,,0,0,0,0,0,0,0,0,1,0,0,0,0,,,,,,,,,,,,file://data/oem_specs_processed/chevrolet/captiva-manual-de-propietario.pdf,text:ano,2022,conflict
CHEVROLET,AVEO,"J LS, AUTOMTICO CON A/A, CON RADIO",2025,,,,,,,,,,,,,,,,,,0,0,,,,,,,,,0,0,0,0,0,0,0,0,0,0,0,0,0,,,,,,,,,,,,file://data/oem_specs_processed/chevrolet/catalogo-accesorios-aveo-sedan-2025.pdf,file:ano,2015,conflict
CHEVROLET,BLAZER,RS C,2025,,,,,,,,,,,,,,,,,,0,0,,,,,,,,,0,0,0,0,0,0,0,0,0,0,0,0,0,,,,,,,,,,,,file://data/oem_specs_processed/chevrolet/catalogo-accesorios-blazer-2025-tld.pdf,file:ano,2019,conflict
CHEVROLET,CAPTIVA,PREMIER BLACK EDITION D,2025,,,,,,,,,,,,,,,,,,0,0,,,,,,,,,0,0,0,0,0,0,0,0,0,0,0,0,0,,,,,,,,,,,,file://data/oem_specs_processed/chevrolet/catalogo-accesorios-captiva-black-edition-2025.pdf,file:ano,2025,ok
CHEVROLET,TRACKER,PREMIER D,2025,,,,,,,,,,,,,,,,,,0,0,,,,,,,,,0,0,0,0,0,0,0,0,0,0,0,0,0,,,,,,,,,,,,file://data/oem_specs_processed/chevrolet/catalogo-accesorios-tracker-2025-tld.pdf,file:ano,2021,conflict
CHEVROLET,AVEO,"B LT, MANUAL CON A/A, ALARMA, RADIO, BLU",2025,gasolina,,,,,MANUAL,6.0,,,,,,475.0,,,,,1,1,4.9,,,,,,,,1,1,0,0,0,0,0,0,0,0,0,0,0,,,,,,,,,,,,file://data/oem_specs_processed/chevrolet/catalogo-aveo-sedan-2025-v2.pdf,file:ano,2015,conflict
CHEVROLET,BLAZER,PIEL B,2025,,6.7,,,FWD,AUTOMÁTICA,9.0,,,,,,,,,,2.0,0,1,,,,,,,,11.0,1,1,0,1,1,0,0,0,0,0,0,0,0,,,,,,,,,,,,file://data/oem_specs_processed/chevrolet/catalogo-blazer-2025-tld.pdf,file:ano,2019,conflict
CHEVROLET,CAPTIVA,PREMIER BLACK EDITION D,2025,gasolina,1.5,,,,AUTOMÁTICA,,,,,,,,,,,,1,1,,,,,,,,10.4,1,1,1,0,1,0,0,0,0,0,0,0,0,,,,,,,,,,,,file://data/oem_specs_processed/chevrolet/catalogo-captiva-black-edition-2025.pdf,file:ano,2025,ok
CHEVROLET,GROOVE,LT AUTOMÁTICO E,2026,gasolina,4.0,,,,,,,,,,,,,,,2.0,0,0,,,,,,,,10.25,1,1,0,0,0,0,0,0,1,0,0,0,0,,,,,,,,,,,,file://data/oem_specs_processed/chevrolet/catalogo-groove-2026.pdf,file:ano,2024,conflict
CHEVROLET,SUBURBAN,5.3L D 4X4 PIEL DVD QUEMACOCOS,2025,gasolina,5.6,,,4X4,AUTOMÁTICA,10.0,,,,,,,,,,2.0,0,0,,,,,,,,,1,1,0,1,1,0,0,0,1,0,1,0,0,,,,,,,,,,,,file://data/oem_specs_processed/chevrolet/catalogo-suburban-2025.pdf,file:ano,2009,conflict
CHEVROLET,BLAZER,PIEL B,2025,,6.7,,,,AUTOMÁTICA,9.0,,,,,,,,,,2.0,0,1,,,,,,,,11.0,1,1,0,1,1,0,0,0,0,0,0,0,0,,,,,,,,,,,,file://data/oem_specs_processed/chevrolet/ficha-tecnica-blazer-2025-tld.pdf,file:ano,2019,conflict
CHEVROLET,CAPTIVA,PREMIER BLACK EDITION D,2025,gasolina,184.0,,,,●,,,,,,,,,,,2.0,1,0,,,,,,,,10.4,1,1,1,0,0,0,0,0,0,0,0,0,0,,,●,,,,,,,,,file://data/oem_specs_processed/chevrolet/ficha-tecnica-captiva-black-edition-2025-v2.pdf,file:ano,2025,ok
CHEVROLET,GROOVE,LT AUTOMÁTICO E,2025,gasolina,,,,,●,6.0,,,,,,,,,,216.0,1,0,,,,,,,,,1,1,0,0,1,0,0,0,0,0,0,0,0,,,●,,●,,,,,,,file://data/oem_specs_processed/chevrolet/ficha-tecnica-groove-2025-tld.pdf,file:ano,2024,conflict
CHEVROLET,GROOVE,LT AUTOMÁTICO E,2026,LT TM,188.0,,,●,●,6.0,,,,,,,,,,,1,0,,,,,,,,,1,1,0,0,0,0,0,1,1,1,0,0,0,,,,●,,,,,,,,file://data/oem_specs_processed/chevrolet/ficha-tecnica-groove-2026.pdf,file:ano,2024,conflict
CHEVROLET,SUBURBAN,5.3L D 4X4 PIEL DVD QUEMACOCOS,2025,●,5.6,,,4x2,●,10.0,,,,,,,,,,2.0,0,0,,,,,,,,12.6,1,1,0,1,1,0,0,0,1,0,1,0,0,,,,,,,,,,,,file://data/oem_specs_processed/chevrolet/ficha-tecnica-suburban-2025.pdf,file:ano,2009,conflict
MANUAL,DE,PROPIETARIO,2025,,,,,,,,,,,,,,,,,,0,0,,,,,,,,,0,0,0,0,0,0,0,0,0,0,0,0,0,,,,,,,,,,,,file://data/oem_specs_processed/chevrolet/manual-de-propietario.pdf,text:MY,,ok
GMC,TERRAIN,DENALI D,2019,gasolina,,,,,AUTOMÁTICA,9.0,,,,,,,,,,2.0,1,1,,,,,,,,,1,1,1,1,0,0,0,0,0,1,0,1,0,,,,,,,,,,,,file://data/oem_specs_processed/gmc/2019-gmc-terrain-model-overview-catalogo.pdf,file:ano,2016,conflict
GMC,TERRAIN,DENALI D,2019,diésel,,,,,AUTOMÁTICA,,,,,,,,,,,,1,1,,,,,,,,,0,0,0,0,0,1,0,0,0,1,0,1,0,,,,,,,,,,,,file://data/oem_specs_processed/gmc/2019-gmc-terrain-model-overview-manual-propietario.pdf,file:ano,2016,conflict
GMC,YUKON,C DENALI QUEMACOCOS,2025,diésel,,,,,,,,,,,,,,,,,1,1,,,,,,,,,0,0,0,0,0,1,0,0,0,1,0,0,0,,,,,,,,,,,,file://data/oem_specs_processed/gmc/2025-yukon-manual-de-propietario.pdf,file:ano,2013,conflict
GMC,TERRAIN,DENALI D,2026,gasolina,,,,,,,,,,,,,,,,,1,1,,,,,,,,,0,0,0,0,0,0,0,0,0,1,0,0,0,,,,,,,,,,,,file://data/oem_specs_processed/gmc/2026-gmc-terrain.pdf,file:ano,2016,conflict
25,GMC,HUMMER,2025,gasolina,,,,,,,,,,,,,,,,,1,1,,,,,,,,,0,0,0,0,0,1,0,0,0,1,0,0,0,,,,,,,,,,,,file://data/oem_specs_processed/gmc/25_GMC_Hummer_EV_OM_es_MX_U_MX_18270642A_2024OCT10.pdf,text:ano,,ambiguous_text
CATALOGO,HUMMER,25,,eléctrico,11.5,,,,,,,,,,,,,,,,0,0,,,,,,,,,0,0,0,1,1,0,0,0,0,0,0,0,0,,,,,,,,,,,,file://data/oem_specs_processed/gmc/Catalogo-Hummer-25-Desktop.pdf,,,missing_year
CATALOGO,HUMMER,EV,2025,híbrido,,,,,,,,,,,,,,,,,0,0,,,,,,,,,0,0,0,0,0,0,0,0,0,0,0,0,0,,,,,,,,,,,,file://data/oem_specs_processed/gmc/Catalogo-Hummer-EV-2025-Accesorios.pdf,file:ano,,ok
GMC,HUMMER,EV,,híbrido,,,,,,,,,,,,,,,,,0,0,,,,,,,,,0,0,0,0,0,0,0,0,0,0,0,0,0,,,,,,,,,,,,file://data/oem_specs_processed/gmc/GMC-Hummer-EV-Cata_logo-accesorios-update.pdf,,,missing_year
GMC,HUMMER,20EV,2024,gasolina,,,,,,,,,,,,,,,,,0,0,,,,,,,,,0,0,0,0,0,0,0,0,0,0,0,0,0,,,,,,,,,,,,file://data/oem_specs_processed/gmc/GMC_HUMMER_20EV_AWD_SUV_2024_5d_Electric_EN_1GT-22101.pdf,file:ano,,ok
GMC,HUMMER,20EV,2024,eléctrico,,,,,,,,,,,,,,,,,0,0,,,,,,,,,0,0,0,0,0,0,0,0,0,0,0,0,0,,,,,,,,,,,,file://data/oem_specs_processed/gmc/GMC_HUMMER_20EV_AWD_SUV_2024_5d_Electric_MX_1GT-22101.pdf,file:ano,,ok
GMC,TERRAIN,AT4 C,2026,,,,,,,,,,,,,,,,,,0,0,,,,,,,,,0,0,0,0,0,0,0,0,0,0,0,0,0,,,,,,,,,,,,file://data/oem_specs_processed/gmc/catalogo-accesorios-terrain-2026.pdf,file:ano,2022,conflict
GMC,SIERRA,4X4 ALL TERRAIN CREW CAB D,2025,,460.0,,,4X4,,10.0,,,,,,,,,,,0,0,,,,,,,,13.4,0,1,0,0,0,0,0,0,0,0,0,0,0,,,,,,,,,,,,file://data/oem_specs_processed/gmc/catalogo-sierra-2025-desktop.pdf,file:ano,2014,conflict
GMC,TERRAIN,AT4 C,2026,gasolina,203.0,,,,,8.0,,,,,,,,,,,0,0,,,,,,,,15.0,1,1,0,1,0,0,0,0,0,0,0,0,0,,,,,,,,,,,,file://data/oem_specs_processed/gmc/catalogo-terrain-2026.pdf,text:MY,2022,conflict
GMC,YUKON,DENALI A,2025,,,,,,,,,,,,,,,,,,0,0,,,,,,,,,0,0,0,0,0,0,0,0,0,0,0,0,0,,,,,,,,,,,,file://data/oem_specs_processed/gmc/catalogo-yukon-accesorios-2025.pdf,file:ano,2021,conflict
GMC,CANYON,AT4 D,2025,gasolina,4.0,,,,AUTOMÁTICA,8.0,,,,,,,,,,,0,0,,,,,,,,,0,0,0,1,0,0,0,0,0,0,0,0,0,,,,,,,,,,,,file://data/oem_specs_processed/gmc/gmc-canyon-2025-catalogo-escritorio.pdf,file:ano,2023,conflict
GMC,ETIQUETAS,RENDIMIENTO,2023,,,,,,,,,,,,,,,,,,0,0,,,,,,,,,0,0,0,0,0,0,0,0,0,0,0,0,0,,,,,,,,,,,,file://data/oem_specs_processed/gmc/gmc-etiquetas-rendimiento-2023-copy.pdf,file:ano,,ok
GMC,YUKON,B PIEL,2007,,,,,,,10.0,,,,,,,,,,,0,0,,,,,,,,16.8,1,1,0,0,0,0,0,0,0,0,0,1,0,,,,,,,,,,,,file://data/oem_specs_processed/gmc/gmc-yukon-catalogo-escritorio.pdf,,2007,ok
GMC,ACADIA,A TELA,2024,,,,,,,,,,,,,,,,,,0,0,,,,,,,,,0,0,0,0,0,0,0,0,0,0,0,0,0,,,,,,,,,,,,file://data/oem_specs_processed/gmc/manual-de-propietario-acadia-2024.pdf,file:ano,2007,conflict
MANUAL,DE,PROPIETARIO,2025,diésel,,,,,AT,,,,,,,,,,,,1,1,,,,,,,,,0,0,0,0,0,1,0,0,0,1,0,0,0,,,,,,,,,,,,file://data/oem_specs_processed/gmc/manual-de-propietario.pdf,text:ano,,ambiguous_text
MANUAL,PROPIETARIO,UNSPEC,2025,gasolina,,,,,,,,,,,,,,,,,1,1,,,,,,,,,0,0,0,0,0,1,0,0,0,1,0,0,0,,,,,,,,,,,,file://data/oem_specs_processed/gmc/manual-propietario.pdf,text:ano,,ambiguous_text
GMC,ACADIA,ALL TERRAIN A,2024,gasolina,326.0,,,4X4,AUTOMÁTICA,8.0,,,,,,,,,,,0,0,,,,,,,,,1,1,0,0,0,0,0,0,0,0,0,0,0,,,,,,,,,,,,file://data/oem_specs_processed/gmc/nueva-gmc-acadia-2024-catalogo-escritorio.pdf,file:ano,2019,conflict
GMC,ACADIA,D PREMIUM 8 PASAJEROS AWD,2015,,,,,,,,,,,,,,,,,,0,0,,,,,,,,,0,0,0,0,0,0,0,0,0,0,0,0,0,,,,,,,,,,,,file://data/oem_specs_processed/gmc/nueva-gmc-acadia-catalogo-accesorios.pdf,,2015,ok
CAT,LOGO,ACCESORIOS,2025,gasolina,,,,,,,,,,,,,,,,,0,0,,,,,,,,,0,0,0,0,0,0,0,0,0,0,0,0,0,,,,,,,,,,,,file://data/oem_specs_processed/gwm/Cat_logo_Accesorios_Abril_2025.pdf,file:ano,,ok
HONDA,ACCORD,EX L CVT L4,2025,gasolina,,,,,CVT,,,,,,,,,,5.0,,1,0,,,,,,,,10.2,1,1,0,0,0,1,0,0,1,1,0,0,0,,,,,,,,,,,,file://data/oem_specs_processed/honda/Brochure_ACCORD_Petrol_2025.pdf,file:ano,2013,conflict
HONDA,BR-V,TOURING,2025,gasolina,,,,,CVT,,,,,,,,,,7.0,2.0,1,0,,,,,,,,,1,1,0,0,0,0,0,0,1,1,0,0,0,,,,,,,,,,,,file://data/oem_specs_processed/honda/Brochure_BRV_2025.pdf,file:ano,2024,conflict
HONDA,CITY,PRIME CVT,2026,gasolina,,,,,CVT,,,,,,136.0,519.0,,,5.0,2.0,1,0,,,,,,,,,1,1,0,0,0,0,0,0,1,1,0,0,0,,,,,,,,,,,,file://data/oem_specs_processed/honda/Brochure_CITY_2026.pdf,file:ano,2021,conflict
HONDA,CIVIC,EX CVT,2026,gasolina,,,,,CVT,,,,,,,,,,5.0,8.0,1,0,,,,,,,,,1,1,0,0,0,0,0,0,1,1,0,0,0,,,,,,,,,,,,file://data/oem_specs_processed/honda/Brochure_CIVIC_2026.pdf,file:ano,2016,conflict
HONDA,CR-V,EX MANOS LIBRES,2026,gasolina,6.0,,,,CVT,,,,,,,,,,5.0,,1,0,,,,,,,,,1,1,0,1,0,0,0,0,1,1,0,0,0,,,,,,,,,,,,file://data/oem_specs_processed/honda/Brochure_CRV_2026.pdf,file:ano,2011,conflict
HONDA,HR-V,UNIC CVT,2026,gasolina,,,,,CVT,,,,,,,,,,5.0,,1,0,,,,,,,,,1,1,0,1,0,0,0,0,1,1,0,0,0,,,,,,,,,,,,file://data/oem_specs_processed/honda/Brochure_HRV_2026.pdf,file:ano,2016,conflict
HONDA,ODYSSEY,BLACK EDITION,2025,gasolina,,,,,AUTOMÁTICA,10.0,,,,,,,,,8.0,,1,0,,,,,,,,12.8,1,1,0,1,0,1,1,0,1,1,1,0,0,,,,,,,,,,,,file://data/oem_specs_processed/honda/Brochure_ODYSSEY_2025.pdf,file:ano,2023,conflict
HONDA,PILOT,BLACK EDITION,2025,gasolina,,,,,AUTOMÁTICA,10.0,,,,,,,,,8.0,,1,0,,,,,,,,10.2,1,1,0,1,1,0,0,0,1,1,1,0,0,,,,,,,,,,,,file://data/oem_specs_processed/honda/Brochure_PILOT_2025.pdf,file:ano,2023,conflict
HYUNDAI,CRETA,GLS IVT,2021,gasolina,113.0,,,,MANUAL,,,,,,,,,,5.0,,1,0,,,,,,,,10.25,1,1,0,1,0,0,0,0,0,1,0,0,0,,,,,,,,,,,,file://data/oem_specs_processed/hyundai/FichaTecnica_Creta2026.pdf,text:ano,2021,ambiguous_text
FICHATECNICA,GRANDFACELIFT2026,UNSPEC,2013,gasolina,157.0,,,,AUTOMÁTICA,6.0,,,,,,,,,7.0,,1,1,,,,,,,,10.25,1,1,0,1,1,0,0,0,0,0,0,0,0,,,,,,,,,,,,file://data/oem_specs_processed/hyundai/FichaTecnica_GrandFacelift2026.pdf,text:ano,,ambiguous_text
HYUNDAI,HB20,1.6 GL MID AUTO,2026,gasolina,83.0,,,,MANUAL,,,,,,,,,,5.0,,1,1,,,,,,,,,1,1,0,0,0,0,0,0,0,0,0,0,0,,,,,,,,,,,,file://data/oem_specs_processed/hyundai/Ficha_Tecnica_Gi10HB_2026.pdf,file:ano,2023,conflict
FICHA,TECNICA,GI10SD,2026,gasolina,83.0,,,,MANUAL,,,,,,,,,,5.0,,1,1,,,,,,,,,1,1,0,0,0,0,0,0,0,0,0,0,0,,,,,,,,,,,,file://data/oem_specs_processed/hyundai/Ficha_Tecnica_Gi10SD_2026.pdf,file:ano,,ok
HYUNDAI,ELANTRA,GLS PREMIUM DCT HEV,2021,híbrido,105.0,2.0,,,DCT,6.0,,,,,,,,,5.0,,1,1,,,,,,,,10.25,1,1,0,1,0,0,0,0,0,1,0,0,0,,,,,,,,,,,,file://data/oem_specs_processed/hyundai/Fichatecnica_elantrahibrido2026.pdf,text:ano,2023,conflict
MAZDA,BT-50,SIGNATURE,2025,diésel,188.0,,,4X4,AUTOMÁTICA,6.0,,,,,,,,,,,1,0,,,,,,,,,1,1,0,0,0,0,0,1,1,1,1,1,0,,,,,,,,,,,,file://data/oem_specs_processed/mazda/ficha-tecnica-mazda-bt-50-2025-v01.pdf,file:ano,2025,ok
MAZDA,CX-3,I SPORT 2WD,2025,gasolina,148.0,,,,AUTOMÁTICA,6.0,,,,,,,,,,,1,0,,,,,,,,,1,1,0,0,0,0,0,0,0,0,0,0,0,,,,,,,,,,,,file://data/oem_specs_processed/mazda/ficha-tecnica-mazda-cx-3-2025-v01.pdf,file:ano,2017,conflict
MAZDA,CX-30,S GRAND TOURING POLYMETAL AWD,2025,gasolina,186.0,,,AWD,AUTOMÁTICA,6.0,,,,,,,,,,,1,0,,,,,,,,10.0,1,1,0,1,0,0,0,0,0,0,1,1,0,,,,,,,,,,,,file://data/oem_specs_processed/mazda/ficha-tecnica-mazda-cx-30-2025-v01.pdf,file:ano,2021,conflict
MAZDA,CX-5,I GRAND TOURING 2WD,2025,gasolina,188.0,,,,AUTOMÁTICA,6.0,,,,,,,,,,,1,0,,,,,,,,10.0,1,1,0,1,0,0,1,0,1,1,1,1,0,,,,,,,,,,,,file://data/oem_specs_processed/mazda/ficha-tecnica-mazda-cx-5-2025-v01.pdf,file:ano,2013,conflict
MAZDA,CX-50,2.5 TURBO SIGNATURE AWD,2025,gasolina,228.0,,,AWD,AUTOMÁTICA,6.0,,,,,,,,,,,1,0,,,,,,,,10.0,1,1,0,1,1,0,1,0,1,1,1,1,0,,,,,,,,,,,,file://data/oem_specs_processed/mazda/ficha-tecnica-mazda-cx-50-2025-v01.pdf,file:ano,2023,conflict
MAZDA,CX-70,I GRAND TOURING MHEV,2025,híbrido,280.0,,,AWD,AUTOMÁTICA,8.0,,,,,,,,,,,1,0,,,,,,,,12.0,1,1,0,1,0,0,0,0,1,1,1,1,0,,,,,,,,,,,,file://data/oem_specs_processed/mazda/ficha-tecnica-mazda-cx-70-2025-v01.pdf,file:ano,2025,ok
MAZDA,CX-90,TURBO SIGNATURE AWD,2025,híbrido,340.0,,,AWD,AUTOMÁTICA,8.0,,,,,,,,,,,1,0,,,,,,,,12.3,1,1,0,1,1,1,1,0,0,1,1,1,0,,,,,,,,,,,,file://data/oem_specs_processed/mazda/ficha-tecnica-mazda-cx-90-2025-v01.pdf,file:ano,2024,conflict
MAZDA,MX-5,GRAND TOURING POWER RETRACTABLE HARD TOP,2025,gasolina,181.0,,,RWD,AUTOMÁTICA,6.0,,,,,,,,,,,1,0,,,,,,,,,1,1,0,0,0,1,0,0,1,0,1,1,0,,,,,,,,,,,,file://data/oem_specs_processed/mazda/ficha-tecnica-mazda-mx-5-2025-v01.pdf,file:ano,2007,conflict
MAZDA,MX-5,GRAND TOURING POWER RETRACTABLE HARD TOP,2024,gasolina,181.0,,,RWD,AUTOMÁTICA,6.0,,,,,,,,,,,1,0,,,,,,,,,1,1,0,0,0,1,0,0,1,0,1,1,0,,,,,,,,,,,,file://data/oem_specs_processed/mazda/ficha-tecnica-mazda-mx-5-i-sport-2024-v01.pdf,file:ano,2007,conflict
MAZDA,MX-5,GRAND TOURING POWER RETRACTABLE HARD TOP,2025,gasolina,181.0,,,RWD,AUTOMÁTICA,6.0,,,,,,,,,,,1,0,,,,,,,,,1,1,0,0,0,1,0,0,1,0,1,1,0,,,,,,,,,,,,file://data/oem_specs_processed/mazda/ficha-tecnica-mazda-mx-5-rf-2025-v01.pdf,file:ano,2007,conflict
MAZDA,MAZDA2,I GRAND TOURING 5 PUERTAS T/A,2026,gasolina,109.0,,,,MANUAL,6.0,,,,,,,,,,,1,0,,,,,,,,,1,1,0,0,0,0,0,0,0,0,0,0,0,,,,,,,,,,,,file://data/oem_specs_processed/mazda/ficha-tecnica-mazda2-hatchback-2026-v01.pdf,file:ano,2016,conflict
MAZDA,MAZDA2,I GRAND TOURING 5 PUERTAS T/A,2026,gasolina,109.0,,,,MANUAL,6.0,,,,,,,,,,,1,0,,,,,,,,,1,1,0,0,0,0,0,0,0,0,0,0,0,,,,,,,,,,,,file://data/oem_specs_processed/mazda/ficha-tecnica-mazda2-sedan-2026-v01.pdf,file:ano,2016,conflict
MAZDA,MAZDA3,HATCHBACK S TA BOLSAS DE AIRE,2025,gasolina,186.0,,,AWD,AUTOMÁTICA,6.0,,,,,,,,,,,1,0,,,,,,,,10.0,1,1,0,1,0,0,0,0,1,1,1,1,0,,,,,,,,,,,,file://data/oem_specs_processed/mazda/ficha-tecnica-mazda3-hatchback-2025-v01.pdf,file:ano,2007,conflict
MAZDA,MAZDA3,SEDAN S TA BOLSAS DE AIRE,2025,gasolina,186.0,,,AWD,MANUAL,6.0,,,,,,,,,,,1,0,,,,,,,,10.0,1,1,0,0,0,0,0,0,1,1,1,1,0,,,,,,,,,,,,file://data/oem_specs_processed/mazda/ficha-tecnica-mazda3-sedan-2025-v01.pdf,file:ano,2007,conflict
NISSAN,2023,FLEET,2023,eléctrico,,,,,MANUAL,,,,,,,,,,,,1,0,,,,,,,,,0,0,0,0,0,0,0,0,0,0,0,0,0,,,,,,,,,,,,file://data/oem_specs_processed/nissan/nissan-2023-fleet_solutions-catalogo_comerciales.pdf,file:ano,,ok
NISSAN,2023,FLEET,2023,eléctrico,,,,,AUTOMÁTICA,,,,,,,,,,,,1,0,,,,,,,,,0,0,0,0,0,0,0,0,0,0,0,0,0,,,,,,,,,,,,file://data/oem_specs_processed/nissan/nissan-2023-fleet_solutions-catalogo_productos.pdf,file:ano,,ok
NISSAN,KICKS,1.6 ADVANCE LTS CVT A/C PAQ SEG,2025,eléctrico,,,,,,,,,,,,,,,,,0,0,,,,,,,,12.3,0,0,0,1,1,0,0,0,0,0,1,0,0,,,,,,,,,,,,file://data/oem_specs_processed/nissan/nissan-2025-kicks-catalogo.pdf,file:ano,2019,conflict
NISSAN,KICKS,1.6 ADVANCE LTS CVT A/C PAQ SEG,2025,eléctrico,118.0,,,,,,,,,,,,,,5.0,,1,0,,,,,,,,,1,1,0,0,0,0,0,1,0,0,0,0,0,,,,,,,,,,,,file://data/oem_specs_processed/nissan/nissan-2025-kicks-play-catalogo.pdf,file:ano,2019,conflict
NISSAN,KICKS,1.6 ADVANCE LTS CVT A/C PAQ SEG,2025,eléctrico,,2.0,,,,,,,,,,,,,,,0,0,,,,,,,,,0,0,0,0,0,0,0,0,0,0,1,1,0,,,,,,,,,,,,file://data/oem_specs_processed/nissan/nissan-2025-kicks_e_power-catalogo.pdf,file:ano,2019,conflict
NISSAN,MAGNITE,ADVANCE 1.0 LTS CVT 25,2025,eléctrico,,,,,MANUAL,5.0,,,,,,,,,,,0,0,,,,,,,,,0,0,0,0,0,0,0,0,0,0,0,0,0,,,,,,,,,,,,file://data/oem_specs_processed/nissan/nissan-2025-magnite-catalogo.pdf,file:ano,2025,ok
NISSAN,SENTRA,ELITE PIEL CVT,2025,eléctrico,,,,,,,,,,,,,,,,,0,0,,,,,,,,,0,0,0,0,0,0,0,0,0,0,1,1,0,,,,,,,,,,,,file://data/oem_specs_processed/nissan/nissan-2025-sentra-catalogo.pdf,file:ano,2011,conflict
NISSAN,2025,TERMINOS,2025,gasolina,,,,,AT,,,,,,,,,,,,0,0,,,,,,,,,0,0,0,0,0,0,0,0,0,0,0,0,0,,,,,,,,,,,,file://data/oem_specs_processed/nissan/nissan-2025-terminos_promociones_oferta_comercial_posventa.pdf,file:ano,,ok
NISSAN,URVAN,PANEL 4 PTAS DV LARGA VENT TOLDO ALT T/M,2025,gasolina,,,,,MANUAL,5.0,,,,,,,,,,,0,0,,,,,,,,,0,0,0,0,0,0,0,0,0,0,0,0,0,,,,,,,,,,,,file://data/oem_specs_processed/nissan/nissan-2025-urvan_panel-catalogo.pdf,file:ano,2012,conflict
NISSAN,URVAN,14 PASAJEROS AMPLIA AA 25,2025,gasolina,,,,,MANUAL,5.0,,,,,,,,,5.0,,0,0,,,,,,,,,0,0,0,0,0,0,0,0,0,0,0,0,0,,,,,,,,,,,,file://data/oem_specs_processed/nissan/nissan-2025-urvan_pasajeros-catalogo.pdf,file:ano,2025,ok
NISSAN,V-DRIVE,V-DRIVE TM A/C AUDIO 24,2025,HR16DE,,,,,,5.0,,,,,,460.0,,,,,1,0,,,,,,,,,0,0,0,0,0,0,0,0,0,0,0,0,0,,,,,,,,,,,,file://data/oem_specs_processed/nissan/nissan-2025-v_drive-catalogo.pdf,file:ano,2024,conflict
NISSAN,VERSA,VERSA GO ASIENTO GIRATORIO ADVANCE TA '1,2025,eléctrico,,,,,,,,,,,,482.0,,,,,0,0,,,,,,,,,0,0,0,0,0,0,0,0,0,0,0,0,0,,,,,,,,,,,,file://data/oem_specs_processed/nissan/nissan-2025-versa-catalogo.pdf,file:ano,2019,conflict
NISSAN,X-TRAIL,EXCLUSIVE E-POWER 2 ROW 23,2025,eléctrico,,2.0,,,,,,,,,,,,,,,1,0,,,,,,,,,0,0,0,0,0,0,0,0,0,1,1,1,0,,,,,,,,,,,,file://data/oem_specs_processed/nissan/nissan-2025-x_trail_e_power-catalogo.pdf,file:ano,2023,conflict
NISSAN,Z,TOURING TA 23,2025,VR30DDTT (Twin Turbo),400.0,,,,,,,,,,,,,,,,1,0,,,,,,,,,1,1,0,0,0,0,0,0,0,0,1,1,0,,,,,,19.0,,,,,,file://data/oem_specs_processed/nissan/nissan-2025-z-catalogo.pdf,file:ano,2023,conflict
VOLKSWAGEN,VIRTUS,VIRTUS STD.,2022,,,,,,,,,,,,,,,,,,0,0,,,,,,,,,0,0,0,0,0,0,0,0,0,0,0,0,0,,,,,,,,,,,,file://data/oem_specs_processed/vw/Rescue_SheetVolswagen__Virtus_2022_5d_EN.pdf,file:ano,2021,conflict
VOLKSWAGEN,VIRTUS,VIRTUS STD.,2022,,,,,,,,,,,,,,,,,,0,0,,,,,,,,,0,0,0,0,0,0,0,0,0,0,0,0,0,,,,,,,,,,,,file://data/oem_specs_processed/vw/Rescue_SheetVolswagen__Virtus_2022_5d_ES.pdf,file:ano,2021,conflict
VOLKSWAGEN,VIRTUS,VIRTUS STD.,2022,,,,,,,,,,,,,,,,,,0,0,,,,,,,,,0,0,0,0,0,0,0,0,0,0,0,0,0,,,,,,,,,,,,file://data/oem_specs_processed/vw/Rescue_SheetVolswagen__Virtus_2022_5d_PT.pdf,file:ano,2021,conflict
VOLKSWAGEN,JETTA,2.0 TM,2022,,,,,,,,,,,,,,,,,,0,0,,,,,,,,,0,0,0,0,0,0,0,0,0,0,0,0,0,,,,,,,,,,,,file://data/oem_specs_processed/vw/Volkswagen_Jetta_PA_2022_5d_EN_edit.pdf,file:ano,2013,conflict
VOLKSWAGEN,JETTA,2.0 TM,2022,,,,,,,,,,,,,,,,,,0,0,,,,,,,,,0,0,0,0,0,0,0,0,0,0,0,0,0,,,,,,,,,,,,file://data/oem_specs_processed/vw/Volkswagen_Jetta_PA_2022_5d_ES_edit.pdf,file:ano,2013,conflict
VOLKSWAGEN,JETTA,2.0 TM,2022,,,,,,,,,,,,,,,,,,0,0,,,,,,,,,0,0,0,0,0,0,0,0,0,0,0,0,0,,,,,,,,,,,,file://data/oem_specs_processed/vw/Volkswagen_Jetta_PA_2022_5d_PT_edit.pdf,file:ano,2013,conflict
VOLKSWAGEN,CC,2.0 TURBO FSI DSG,2025,gasolina,370.0,7.0,,,,,,,,,,,,,,,0,0,,,,,,,,,0,0,0,0,0,0,0,0,0,0,0,0,0,,,,,,,,,,,,file://data/oem_specs_processed/vw/cata_CC_81logo-volkswagen-nuevo-gti-2025.pdf,file:ano,2013,conflict
VOLKSWAGEN,GLI,GLI DSG,2025,gasolina,,,,,,,,,,,,,,,,,0,0,,,,,,,,,0,0,0,0,1,0,0,0,0,0,0,0,0,,,,,,,,,,,,file://data/oem_specs_processed/vw/catalogo-volkswagen-gli-2025.pdf,file:ano,2007,conflict
VOLKSWAGEN,JETTA,COMFORTLINE STD. BOLSAS AIRE DEL.,2025,,,,,,,,,,,,,,,,,,0,0,,,,,,,,,0,0,0,0,0,0,0,0,0,0,0,0,0,,,,,,,,,,,,file://data/oem_specs_processed/vw/catalogo-volkswagen-jetta-2025.pdf,file:ano,2016,conflict
VOLKSWAGEN,TIGUAN,1.4 DSG PAQUETE SPORT & STYLE,2025,gasolina,150.0,7.0,,,,7.0,,,,,,,,,,,0,0,,,,,,,,,0,0,0,0,0,0,0,0,0,0,0,0,0,,,,,,,,,,,,file://data/oem_specs_processed/vw/catalogo-volkswagen-nuevo-tiguan-2025.pdf,file:ano,2016,conflict
VOLKSWAGEN,POLO,COMFORTLINE PLUS TIPTRONIC,2026,gasolina,,,,,,6.0,,,,,,,,,,,0,0,,,,,,,,,0,0,0,0,0,0,0,0,0,0,0,0,0,,,,,,,,,,,,file://data/oem_specs_processed/vw/catalogo-volkswagen-polo-2026.pdf,file:ano,2020,conflict
VOLKSWAGEN,TERAMONT,PEAK EDITION LONG DRIVE,2025,gasolina,,,,,,,,,,,,,,,,,0,0,,,,,,,,,0,0,0,0,0,0,0,0,0,0,0,0,0,,,,,,,,,,,,file://data/oem_specs_processed/vw/catalogo-volkswagen-teramont-2025.pdf,file:ano,2024,conflict
VOLKSWAGEN,VIRTUS,COMFORTLINE TIP. SOUND,2025,gasolina,,,,,,,,,,,,,,,,,0,0,,,,,,,,,0,0,0,0,0,0,0,0,0,0,0,0,0,,,,,,,,,,,,file://data/oem_specs_processed/vw/catalogo-volkswagen-virtus-2025.pdf,file:ano,2024,conflict
VOLKSWAGEN,GLI,GLI DSG,2026,gasolina,230.0,350.0,,Delantera,,,4720.0,1799.0,1459.0,2686.0,,,,,5.0,,1,0,,,,,,,,10.0,0,0,0,1,0,1,1,1,1,1,0,0,0,Disco ventilado,Disco,Mc Pherson,Independiente Fourlink,,,,,,,,file://data/oem_specs_processed/vw/volkswagen-gli-2026-ficha-tecnica.pdf,file:ano,2007,conflict
VOLKSWAGEN,JETTA,COMFORTLINE TIP. BOLSAS AIRE DEL,2026,gasolina,150.0,250.0,,Delantera,,,4720.0,1799.0,1459.0,2686.0,,,,,5.0,,1,0,,,,,,,,10.0,0,0,0,1,0,0,0,0,1,1,0,0,0,Disco ventilado,Disco,Mc Pherson,Semi-independiente,,,,,,,,file://data/oem_specs_processed/vw/volkswagen-jetta-2026-ficha-tecnica.pdf,file:ano,2016,conflict
VOLKSWAGEN,GTI,GTI DSG,2025,gasolina,261.0,370.0,,Delantera,,,4289.0,1789.0,1456.0,2627.0,,,,,5.0,,1,0,,,,,,,,12.9,0,0,0,1,0,1,1,1,1,1,0,0,0,Disco ventilado,Disco,Mc Pherson,Independiente Fourlink,,,,,,,,file://data/oem_specs_processed/vw/volkswagen-nuevo-gti-2025-ficha-tecnica.pdf,file:ano,2007,conflict
VOLKSWAGEN,TIGUAN,2.0 TURBO PIEL TRACK & FUN 4MOTION AT,2025,gasolina,150.0,250.0,,Delantera,,,4670.0,1866.0,1665.0,2791.0,,,,,5.0,,1,0,,,,,,,,12.9,0,0,1,1,0,1,1,0,1,1,0,0,0,Disco ventilado,Disco,Mc Pherson,Independiente Fourlink,,,,,,,,file://data/oem_specs_processed/vw/volkswagen-nuevo-tiguan-2025-ficha-tecnica.pdf,text:MY,2015,conflict
VOLKSWAGEN,POLO,COMFORTLINE PLUS TIPTRONIC,2026,gasolina,109.0,155.0,,Delantera,,,4079.0,1751.0,1471.0,2566.0,,,,,5.0,,1,0,,,,,,,,10.0,0,0,0,1,0,0,0,0,0,0,0,0,0,Disco,Tambor,McPherson,Semi-Independiente,,,,,,,,file://data/oem_specs_processed/vw/volkswagen-polo-2026-ficha-tecnica.pdf,file:ano,2020,conflict
VOLKSWAGEN,TERAMONT,PEAK EDITION LONG DRIVE,2025,gasolina,269.0,370.0,,Delantera,,,,,,,,,,,7.0,,1,0,,,,,,,,12.0,0,0,0,1,0,1,1,0,1,0,0,0,0,Disco ventilado,Disco ventilado,Mc Pherson,"Independiente
Fourlink",,,,,,,,file://data/oem_specs_processed/vw/volkswagen-teramont-2025-ficha-tecnica.pdf,file:ano,2024,conflict
VOLKSWAGEN,VIRTUS,COMFORTLINE TIP. SOUND,2025,gasolina,110.0,152.0,,Delantera,,,,,,,,,,,5.0,,1,0,,,,,,,,10.0,0,0,0,1,0,0,0,0,0,0,0,0,0,Disco,Tambor,MC Pherson,Semi-independiente,,,,,,,,file://data/oem_specs_processed/vw/volkswagen-virtus-2025-ficha-tecnica.pdf,file:ano,2024,conflict
KIA,K3,GT LINE,2024,gasolina,,,,,AUTOMÁTICA,,,,,,,,,,,,0,0,,,,,,,,,0,0,0,0,0,0,0,0,0,0,0,0,0,,,,,,,,,,,,file://data/oem_specs_processed/kia/Kia-K3-Hatchback-2024-5d-GD-SP-I-NCAP--Candado-de-impresi_n.pdf,file:ano,2024,ok
KIA,K3,EX PACK AT,2023,gasolina,,,,,AUTOMÁTICA,,,,,,,,,,,,0,0,,,,,,,,,0,0,0,0,0,0,0,0,0,0,0,0,0,,,,,,,,,,,,file://data/oem_specs_processed/kia/Kia-K3-Sedan-2023-4d-GD-ES--Candado-de-impresi_n.pdf,file:ano,2024,conflict
KIA,K4,GT LINE,2025,gasolina,,,,,,,,,,,,,,,,,0,0,,,,,,,,,0,0,0,0,0,0,0,0,0,0,0,0,0,,,,,,,,,,,,file://data/oem_specs_processed/kia/Kia_K4_Sed_n_2025_4d_GD_ES_Candado_de_impresi_n_V2.pdf,file:ano,2025,ok
KIA,K4,GT LINE,2025,gasolina,,,,,,,,,,,,,,,,,0,0,,,,,,,,,0,0,0,0,0,0,0,0,0,0,0,0,0,,,,,,,,,,,,file://data/oem_specs_processed/kia/Kia_K4__Hatchback_2025_5d_GD_ES_VF.pdf,file:ano,2025,ok
JEEP,RENEGADE,LIMITED POLAR BRONZE EDITION,2025,gasolina,5.75,,,FWD,AUTOMÁTICA,6.0,,,,,438.0,,,,,,1,1,,,,,,,,,0,0,0,1,0,0,0,0,0,0,0,0,0,,,,,,,,,,,,file://data/oem_specs_processed/jeep/FT_JEEP_RENEGADE_2025_08ENE2025_DIGITAL_V1.pdf,file:ano,2021,conflict
SOLICITUD,PARA,DERECHOS,,,,,,,,,,,,,,,,,,,0,0,,,,,,,,,0,0,0,0,0,0,0,0,0,0,0,0,0,,,,,,,,,,,,file://data/oem_specs_processed/changan/Solicitud_para_derechos_ARCO_Changan_M_xico_VF.pdf,,,missing_year
TOYOTA,HILUX,D-CAB BASE 4X2 (DOBLE CABINA BASE),2025,híbrido,48.0,,,4WD,MANUAL,6.0,,,,,,,,,3.0,2.0,1,1,,,,,,,,,1,1,0,0,0,0,0,0,0,0,0,0,0,,,,,,,,,,,,file://data/oem_specs_processed/toyota/Ficha_HILUX_20DIESEL_20y_20GASOLINA_202025.pdf.coredownload.pdf,text:MY,2016,conflict
TOYOTA,AVANZA,XLE CVT,2025,gasolina,,,,FWD,MANUAL,5.0,,,,,,,,,7.0,2.0,1,0,,,,,,,,,1,1,0,0,0,0,0,0,0,0,0,0,0,,,,,,,,,,,,file://data/oem_specs_processed/toyota/Ficha_Tecnica_AVANZA_25_web.pdf.coredownload.pdf,text:MY,2022,conflict
TOYOTA,HIACE,12 PASAJEROS,2025,gasolina,,,,RWD,MANUAL,6.0,,,,,,,,,2.0,2.0,1,0,,,,,,,,,1,1,0,0,0,0,0,0,0,0,0,0,0,,,,,,,,,,,,file://data/oem_specs_processed/toyota/Ficha_Tecnica_HIACE_25_web.pdf.coredownload.pdf,text:MY,2020,conflict
TOYOTA,PRIUS,BASE,2026,híbrido,13.5,,,FWD,,,,,,,,,,,5.0,2.0,1,0,,,,,,,,12.3,1,1,0,1,1,0,0,1,0,0,1,0,0,,,,,,,,,,,,file://data/oem_specs_processed/toyota/Ficha_Tecnica_PRIUS_26_web.pdf.coredownload.pdf,text:MY,2020,conflict
TOYOTA,RAV4,LIMITED HV SIN JBL,2025,híbrido,,,,FWD,AUTOMÁTICA,8.0,,,,,,,,,5.0,2.0,1,0,,,,,,,,12.3,1,1,0,1,0,1,0,0,0,1,0,0,0,,,,,,,,,,,,file://data/oem_specs_processed/toyota/Ficha_Tecnica_RAV4_25_web.pdf.coredownload.pdf,text:MY,2022,conflict
TOYOTA,SEQUOIA,5.7L V8 LIMITED,2025,gasolina,,,,RWD,AUTOMÁTICA,10.0,,,,,,,,,8.0,2.0,1,0,,,,,,,,12.3,0,0,0,0,1,0,0,0,0,1,1,1,0,,,,,,,,,,,,file://data/oem_specs_processed/toyota/Ficha_Tecnica_SEQUOIA_25_web.pdf.coredownload.pdf,text:MY,2009,conflict
TOYOTA,SIENNA,XLE HEV,2025,híbrido,180.0,,,FWD,,6.0,,,,,,,,,8.0,2.0,1,0,,,,,,,,12.3,1,1,0,1,0,0,0,0,0,1,1,1,0,,,,,,,,,,,,file://data/oem_specs_processed/toyota/Ficha_Tecnica_SIENNA_25_web.pdf.coredownload.pdf,text:MY,2025,ok
TOYOTA,TACOMA,TRD PRO 4X4 HEV,2025,híbrido,,,,RWD,AUTOMÁTICA,8.0,,,,,,,,,5.0,2.0,1,0,,,,,,,,12.3,1,1,0,0,0,0,0,0,0,1,1,0,0,,,,,,,,,,,,file://data/oem_specs_processed/toyota/Ficha_Tecnica_Tacoma_25_web.pdf.coredownload.pdf,text:MY,2025,ok
TOYOTA,YARIS,BASE CVT,2025,gasolina,,,,FWD,CVT,7.0,,,,,,,,,5.0,2.0,1,0,,,,,,,,,1,1,0,0,0,0,0,0,0,0,0,0,0,,,,,,,,,,,,file://data/oem_specs_processed/toyota/Ficha_Tecnica_YARIS_HB_25_web.pdf.coredownload.pdf,text:MY,2023,conflict
TOYOTA,YARIS,BASE CVT,2025,gasolina,,,,FWD,MANUAL,5.0,,,,,,,,,5.0,2.0,1,0,,,,,,,,,1,1,0,0,0,0,0,0,0,1,1,1,0,,,,,,,,,,,,file://data/oem_specs_processed/toyota/Ficha_Tecnica_Yaris_Sedan_25_web.pdf.coredownload.pdf,text:MY,2023,conflict
TOYOTA,4RUNNER,TRD PRO HEV,2025,híbrido,465.0,,,4WD,AUTOMÁTICA,8.0,,,,,,,,,,2.0,1,0,,,,,,,,12.3,1,1,0,1,0,1,1,1,0,1,1,0,0,,,,,,,,,,,,file://data/oem_specs_processed/toyota/Ficha_tecnica_4RUNNER_LIMITED_HEV_25_web_1.pdf.coredownload.pdf,text:MY,2025,ok
TOYOTA,CAMRY,XSE BI-TONE HEV,2025,híbrido,600.0,,,FWD,,6.0,,,,,,,,,5.0,2.0,1,0,,,,,,,,12.3,1,1,0,1,1,1,0,0,1,1,1,1,0,,,,,,,,,,,,file://data/oem_specs_processed/toyota/Ficha_tecnica_CAMRY_HEV_25_web.pdf.coredownload.pdf,text:MY,2025,ok
TOYOTA,COROLLA,BASE CVT,2025,híbrido,,,,FWD,CVT,,,,,,,,,,5.0,2.0,1,0,,,,,,,,10.5,1,1,0,0,0,0,0,0,1,0,0,0,0,,,,,,,,,,,,file://data/oem_specs_processed/toyota/Ficha_tecnica_COROLLA_25_web.pdf.coredownload.pdf,text:MY,2015,conflict
TOYOTA,COROLLA,BASE CVT,2025,híbrido,,,,FWD,CVT,10.0,,,,,,,,,5.0,2.0,1,0,,,,,,,,,1,1,0,1,0,1,0,1,0,1,1,0,0,,,,,,,,,,,,file://data/oem_specs_processed/toyota/Ficha_tecnica_COROLLA_CROSS_25_web.pdf.coredownload.pdf,text:MY,2015,conflict
TOYOTA,COROLLA,BASE CVT,2025,híbrido,600.0,,,4WD,,6.0,,,,,,,,,5.0,2.0,1,0,,,,,,,,,1,1,0,0,0,0,0,0,0,1,0,0,0,,,,,,,,,,,,file://data/oem_specs_processed/toyota/Ficha_tecnica_COROLLA_CROSS_HEV_25_web.pdf.coredownload.pdf,text:MY,2015,conflict
TOYOTA,COROLLA,XLE HEV,2025,híbrido,600.0,,,FWD,,,,,,,,,,,5.0,2.0,1,1,,,,,,,,,1,1,0,0,0,0,0,0,0,0,0,0,0,,,,,,,,,,,,file://data/oem_specs_processed/toyota/Ficha_tecnica_COROLLA_HEV_25_web.pdf.coredownload.pdf,text:MY,2023,conflict
TOYOTA,HIGHLANDER,LIMITED BLUE-RAY,2025,híbrido,650.0,,,FWD,,6.0,,,,,,,,,8.0,,1,0,,,,,,,,12.3,1,1,0,1,1,1,1,0,0,1,1,1,0,,,,,,,,,,,,file://data/oem_specs_processed/toyota/Ficha_tecnica_HIGHLANDER_HEV_25_web.pdf.coredownload.pdf,text:MY,2021,conflict
TOYOTA,RAIZE,XLE CVT BI-TONO,2025,gasolina,,,,FWD,MANUAL,5.0,,,,,,,,,5.0,2.0,1,0,,,,,,,,,1,1,0,0,0,0,0,0,0,0,0,0,0,,,,,,,,,,,,file://data/oem_specs_processed/toyota/Ficha_tecnica_RAIZE_25_web.pdf.coredownload.pdf,text:MY,2022,conflict
TOYOTA,RAV4,LIMITED HV SIN JBL,2025,híbrido,118.0,,,AWD,,,,,,,,,,,5.0,2.0,1,0,,,,,,,,12.3,1,1,0,1,1,0,0,0,0,1,1,0,0,,,,,,,,,,,,file://data/oem_specs_processed/toyota/Ficha_tecnica_RAV4_HEV_25_web.pdf.coredownload.pdf,text:MY,2022,conflict
KIA,K3,GT LINE,2024,gasolina,,,,,AUTOMÁTICA,,,,,,,,,,,,0,0,,,,,,,,,0,0,0,0,0,0,0,0,0,0,0,0,0,,,,,,,,,,,,file://data/oem_specs_processed/kia/Kia-K3-Hatchback-2024-5d-GD-SP-I-NCAP--Candado-de-impresi_n.pdf,file:ano,2024,ok
KIA,K3,EX PACK AT,2023,gasolina,,,,,AUTOMÁTICA,,,,,,,,,,,,0,0,,,,,,,,,0,0,0,0,0,0,0,0,0,0,0,0,0,,,,,,,,,,,,file://data/oem_specs_processed/kia/Kia-K3-Sedan-2023-4d-GD-ES--Candado-de-impresi_n.pdf,file:ano,2024,conflict
KIA,K4,GT LINE,2025,gasolina,,,,,,,,,,,,,,,,,0,0,,,,,,,,,0,0,0,0,0,0,0,0,0,0,0,0,0,,,,,,,,,,,,file://data/oem_specs_processed/kia/Kia_K4_Sed_n_2025_4d_GD_ES_Candado_de_impresi_n_V2.pdf,file:ano,2025,ok
KIA,K4,GT LINE,2025,gasolina,,,,,,,,,,,,,,,,,0,0,,,,,,,,,0,0,0,0,0,0,0,0,0,0,0,0,0,,,,,,,,,,,,file://data/oem_specs_processed/kia/Kia_K4__Hatchback_2025_5d_GD_ES_VF.pdf,file:ano,2025,ok
HYUNDAI,CRETA,GLS IVT,2021,gasolina,113.0,,,,MANUAL,,,,,,,,,,5.0,,1,0,,,,,,,,10.25,1,1,0,1,0,0,0,0,0,1,0,0,0,,,,,,,,,,,,file://data/oem_specs_processed/hyundai/FichaTecnica_Creta2026.pdf,text:ano,2021,ambiguous_text
FICHATECNICA,GRANDFACELIFT2026,UNSPEC,2013,gasolina,157.0,,,,AUTOMÁTICA,6.0,,,,,,,,,7.0,,1,1,,,,,,,,10.25,1,1,0,1,1,0,0,0,0,0,0,0,0,,,,,,,,,,,,file://data/oem_specs_processed/hyundai/FichaTecnica_GrandFacelift2026.pdf,text:ano,,ambiguous_text
HYUNDAI,HB20,1.6 GL MID AUTO,2026,gasolina,83.0,,,,MANUAL,,,,,,,,,,5.0,,1,1,,,,,,,,,1,1,0,0,0,0,0,0,0,0,0,0,0,,,,,,,,,,,,file://data/oem_specs_processed/hyundai/Ficha_Tecnica_Gi10HB_2026.pdf,file:ano,2023,conflict
FICHA,TECNICA,GI10SD,2026,gasolina,83.0,,,,MANUAL,,,,,,,,,,5.0,,1,1,,,,,,,,,1,1,0,0,0,0,0,0,0,0,0,0,0,,,,,,,,,,,,file://data/oem_specs_processed/hyundai/Ficha_Tecnica_Gi10SD_2026.pdf,file:ano,,ok
HYUNDAI,ELANTRA,GLS PREMIUM DCT HEV,2021,híbrido,105.0,2.0,,,DCT,6.0,,,,,,,,,5.0,,1,1,,,,,,,,10.25,1,1,0,1,0,0,0,0,0,1,0,0,0,,,,,,,,,,,,file://data/oem_specs_processed/hyundai/Fichatecnica_elantrahibrido2026.pdf,text:ano,2023,conflict
TOYOTA,HILUX,D-CAB BASE 4X2 (DOBLE CABINA BASE),2025,híbrido,48.0,,,4WD,MANUAL,6.0,,,,,,,,,3.0,2.0,1,1,,,,,,,,,1,1,0,0,0,0,0,0,0,0,0,0,0,,,,,,,,,,,,file://data/oem_specs_processed/toyota/Ficha_HILUX_20DIESEL_20y_20GASOLINA_202025.pdf.coredownload.pdf,text:MY,2016,conflict
TOYOTA,AVANZA,XLE CVT,2025,gasolina,,,,FWD,MANUAL,5.0,,,,,,,,,7.0,2.0,1,0,,,,,,,,,1,1,0,0,0,0,0,0,0,0,0,0,0,,,,,,,,,,,,file://data/oem_specs_processed/toyota/Ficha_Tecnica_AVANZA_25_web.pdf.coredownload.pdf,text:MY,2022,conflict
TOYOTA,HIACE,12 PASAJEROS,2025,gasolina,,,,RWD,MANUAL,6.0,,,,,,,,,2.0,2.0,1,0,,,,,,,,,1,1,0,0,0,0,0,0,0,0,0,0,0,,,,,,,,,,,,file://data/oem_specs_processed/toyota/Ficha_Tecnica_HIACE_25_web.pdf.coredownload.pdf,text:MY,2020,conflict
TOYOTA,PRIUS,BASE,2026,híbrido,13.5,,,FWD,,,,,,,,,,,5.0,2.0,1,0,,,,,,,,12.3,1,1,0,1,1,0,0,1,0,0,1,0,0,,,,,,,,,,,,file://data/oem_specs_processed/toyota/Ficha_Tecnica_PRIUS_26_web.pdf.coredownload.pdf,text:MY,2020,conflict
TOYOTA,RAV4,LIMITED HV SIN JBL,2025,híbrido,,,,FWD,AUTOMÁTICA,8.0,,,,,,,,,5.0,2.0,1,0,,,,,,,,12.3,1,1,0,1,0,1,0,0,0,1,0,0,0,,,,,,,,,,,,file://data/oem_specs_processed/toyota/Ficha_Tecnica_RAV4_25_web.pdf.coredownload.pdf,text:MY,2022,conflict
TOYOTA,SEQUOIA,5.7L V8 LIMITED,2025,gasolina,,,,RWD,AUTOMÁTICA,10.0,,,,,,,,,8.0,2.0,1,0,,,,,,,,12.3,0,0,0,0,1,0,0,0,0,1,1,1,0,,,,,,,,,,,,file://data/oem_specs_processed/toyota/Ficha_Tecnica_SEQUOIA_25_web.pdf.coredownload.pdf,text:MY,2009,conflict
TOYOTA,SIENNA,XLE HEV,2025,híbrido,180.0,,,FWD,,6.0,,,,,,,,,8.0,2.0,1,0,,,,,,,,12.3,1,1,0,1,0,0,0,0,0,1,1,1,0,,,,,,,,,,,,file://data/oem_specs_processed/toyota/Ficha_Tecnica_SIENNA_25_web.pdf.coredownload.pdf,text:MY,2025,ok
TOYOTA,TACOMA,TRD PRO 4X4 HEV,2025,híbrido,,,,RWD,AUTOMÁTICA,8.0,,,,,,,,,5.0,2.0,1,0,,,,,,,,12.3,1,1,0,0,0,0,0,0,0,1,1,0,0,,,,,,,,,,,,file://data/oem_specs_processed/toyota/Ficha_Tecnica_Tacoma_25_web.pdf.coredownload.pdf,text:MY,2025,ok
TOYOTA,YARIS,BASE CVT,2025,gasolina,,,,FWD,CVT,7.0,,,,,,,,,5.0,2.0,1,0,,,,,,,,,1,1,0,0,0,0,0,0,0,0,0,0,0,,,,,,,,,,,,file://data/oem_specs_processed/toyota/Ficha_Tecnica_YARIS_HB_25_web.pdf.coredownload.pdf,text:MY,2023,conflict
TOYOTA,YARIS,BASE CVT,2025,gasolina,,,,FWD,MANUAL,5.0,,,,,,,,,5.0,2.0,1,0,,,,,,,,,1,1,0,0,0,0,0,0,0,1,1,1,0,,,,,,,,,,,,file://data/oem_specs_processed/toyota/Ficha_Tecnica_Yaris_Sedan_25_web.pdf.coredownload.pdf,text:MY,2023,conflict
TOYOTA,4RUNNER,TRD PRO HEV,2025,híbrido,465.0,,,4WD,AUTOMÁTICA,8.0,,,,,,,,,,2.0,1,0,,,,,,,,12.3,1,1,0,1,0,1,1,1,0,1,1,0,0,,,,,,,,,,,,file://data/oem_specs_processed/toyota/Ficha_tecnica_4RUNNER_LIMITED_HEV_25_web_1.pdf.coredownload.pdf,text:MY,2025,ok
TOYOTA,CAMRY,XSE BI-TONE HEV,2025,híbrido,600.0,,,FWD,,6.0,,,,,,,,,5.0,2.0,1,0,,,,,,,,12.3,1,1,0,1,1,1,0,0,1,1,1,1,0,,,,,,,,,,,,file://data/oem_specs_processed/toyota/Ficha_tecnica_CAMRY_HEV_25_web.pdf.coredownload.pdf,text:MY,2025,ok
TOYOTA,COROLLA,BASE CVT,2025,híbrido,,,,FWD,CVT,,,,,,,,,,5.0,2.0,1,0,,,,,,,,10.5,1,1,0,0,0,0,0,0,1,0,0,0,0,,,,,,,,,,,,file://data/oem_specs_processed/toyota/Ficha_tecnica_COROLLA_25_web.pdf.coredownload.pdf,text:MY,2015,conflict
TOYOTA,COROLLA,BASE CVT,2025,híbrido,,,,FWD,CVT,10.0,,,,,,,,,5.0,2.0,1,0,,,,,,,,,1,1,0,1,0,1,0,1,0,1,1,0,0,,,,,,,,,,,,file://data/oem_specs_processed/toyota/Ficha_tecnica_COROLLA_CROSS_25_web.pdf.coredownload.pdf,text:MY,2015,conflict
TOYOTA,COROLLA,BASE CVT,2025,híbrido,600.0,,,4WD,,6.0,,,,,,,,,5.0,2.0,1,0,,,,,,,,,1,1,0,0,0,0,0,0,0,1,0,0,0,,,,,,,,,,,,file://data/oem_specs_processed/toyota/Ficha_tecnica_COROLLA_CROSS_HEV_25_web.pdf.coredownload.pdf,text:MY,2015,conflict
TOYOTA,COROLLA,XLE HEV,2025,híbrido,600.0,,,FWD,,,,,,,,,,,5.0,2.0,1,1,,,,,,,,,1,1,0,0,0,0,0,0,0,0,0,0,0,,,,,,,,,,,,file://data/oem_specs_processed/toyota/Ficha_tecnica_COROLLA_HEV_25_web.pdf.coredownload.pdf,text:MY,2023,conflict
TOYOTA,HIGHLANDER,LIMITED BLUE-RAY,2025,híbrido,650.0,,,FWD,,6.0,,,,,,,,,8.0,,1,0,,,,,,,,12.3,1,1,0,1,1,1,1,0,0,1,1,1,0,,,,,,,,,,,,file://data/oem_specs_processed/toyota/Ficha_tecnica_HIGHLANDER_HEV_25_web.pdf.coredownload.pdf,text:MY,2021,conflict
TOYOTA,RAIZE,XLE CVT BI-TONO,2025,gasolina,,,,FWD,MANUAL,5.0,,,,,,,,,5.0,2.0,1,0,,,,,,,,,1,1,0,0,0,0,0,0,0,0,0,0,0,,,,,,,,,,,,file://data/oem_specs_processed/toyota/Ficha_tecnica_RAIZE_25_web.pdf.coredownload.pdf,text:MY,2022,conflict
TOYOTA,RAV4,LIMITED HV SIN JBL,2025,híbrido,118.0,,,AWD,,,,,,,,,,,5.0,2.0,1,0,,,,,,,,12.3,1,1,0,1,1,0,0,0,0,1,1,0,0,,,,,,,,,,,,file://data/oem_specs_processed/toyota/Ficha_tecnica_RAV4_HEV_25_web.pdf.coredownload.pdf,text:MY,2022,conflict
FT,JEEP,GCH,2025,,6.4,,,,AUTOMÁTICA,8.0,,,,,,,,,,,1,1,,,,,,,,18.0,1,1,0,1,0,0,0,1,0,0,1,0,0,,,,,,,,,,,,file://data/oem_specs_processed/jeep/FT_JEEP_GCH_ALTITUDE_2025_22NOV2024_V1.pdf,file:ano,,ok
JEEP,RENEGADE,LIMITED POLAR BRONZE EDITION,2025,gasolina,5.75,,,FWD,AUTOMÁTICA,6.0,,,,,438.0,,,,,,1,1,,,,,,,,,0,0,0,1,0,0,0,0,0,0,0,0,0,,,,,,,,,,,,file://data/oem_specs_processed/jeep/FT_JEEP_RENEGADE_2025_08ENE2025_DIGITAL_V1.pdf,file:ano,2021,conflict
FORD,TERRITORY,TITANIUM FWD 1.8L,2026,gasolina,,,,FWD,,7.0,,,,,,,,,,,0,0,,,,,,,,,0,0,1,0,0,0,0,0,0,0,0,0,0,,,,,,,,,,,,file://data/oem_specs_processed/ford/ford-territory-2026-catalogo-descargable.pdf,file:ano,2023,conflict
HYUNDAI,CRETA,GLS IVT,2021,gasolina,113.0,,,,MANUAL,,,,,,,,,,5.0,,1,0,,,,,,,,10.25,1,1,0,1,0,0,0,0,0,1,0,0,0,,,,,,,,,,,,file://data/oem_specs_processed/hyundai/FichaTecnica_Creta2026.pdf,text:ano,2021,ambiguous_text
FICHATECNICA,GRANDFACELIFT2026,UNSPEC,2013,gasolina,157.0,,,,AUTOMÁTICA,6.0,,,,,,,,,7.0,,1,1,,,,,,,,10.25,1,1,0,1,1,0,0,0,0,0,0,0,0,,,,,,,,,,,,file://data/oem_specs_processed/hyundai/FichaTecnica_GrandFacelift2026.pdf,text:ano,,ambiguous_text
HYUNDAI,HB20,1.6 GL MID AUTO,2026,gasolina,83.0,,,,MANUAL,,,,,,,,,,5.0,,1,1,,,,,,,,,1,1,0,0,0,0,0,0,0,0,0,0,0,,,,,,,,,,,,file://data/oem_specs_processed/hyundai/Ficha_Tecnica_Gi10HB_2026.pdf,file:ano,2023,conflict
FICHA,TECNICA,GI10SD,2026,gasolina,83.0,,,,MANUAL,,,,,,,,,,5.0,,1,1,,,,,,,,,1,1,0,0,0,0,0,0,0,0,0,0,0,,,,,,,,,,,,file://data/oem_specs_processed/hyundai/Ficha_Tecnica_Gi10SD_2026.pdf,file:ano,,ok
HYUNDAI,PALISADE,LIMITED TECH,2013,gasolina,291.0,,,,AUTOMÁTICA,8.0,,,,,,,,,7.0,,1,0,,,,,,,,12.3,1,1,1,1,0,1,1,0,0,1,1,0,0,,,,,,,,,,,,file://data/oem_specs_processed/hyundai/Ficha_Tecnica_Palisade.pdf,text:ano,2022,conflict
HYUNDAI,ELANTRA,GLS PREMIUM DCT HEV,2021,híbrido,105.0,2.0,,,DCT,6.0,,,,,,,,,5.0,,1,1,,,,,,,,10.25,1,1,0,1,0,0,0,0,0,1,0,0,0,,,,,,,,,,,,file://data/oem_specs_processed/hyundai/Fichatecnica_elantrahibrido2026.pdf,text:ano,2023,conflict
FORD,BRONCO,BADLANDS 2 PUERTAS,2025,gasolina,,,,,,,,,,,,,,,,,0,0,,,,,,,,,0,0,0,0,0,0,0,0,0,0,0,0,0,,,,,,,,,,,,file://data/oem_specs_processed/ford/ford-bronco-2025-catalogo-descargable.pdf,file:ano,2021,conflict
FORD,BRONCO SPORT,BIG BEND 1.5L 4X4,2025,gasolina,,,,4X4,AUTOMÁTICA,8.0,,,,,,,,,,,0,0,,,,,,,,13.2,1,1,0,1,0,1,0,0,0,0,0,0,0,,,,,,,,,,,,file://data/oem_specs_processed/ford/ford-bronco-sport-2025-catalogo-descargable.pdf,file:ano,2021,conflict
FORD,EXPEDITION,PLATINUM MAX 4X4 3.5L ECOBOOST CON SISTE,2025,,,,,4X4,AUTOMÁTICA,10.0,,,,,,,,,,,0,0,,,,,,,,,0,0,0,0,1,0,0,0,0,0,0,0,0,,,,,,,,,,,,file://data/oem_specs_processed/ford/ford-expedition-2025-catalogo-descargable.pdf,file:ano,2022,conflict
FORD,LOBO,LOBO SUP CAB 4X4 LARIAT SIN QC,2025,híbrido,,,,4X4,,,,,,,,,,,,,0,1,,,,,,,,12.0,1,1,0,0,1,0,0,0,0,0,0,0,0,,,,,,,,,,,,file://data/oem_specs_processed/ford/ford-lobo-2025-catalogo-descargable.pdf,file:ano,2012,conflict
FORD,MAVERICK,LARIAT HIBRIDA AWD,2025,híbrido,,,,FWD,AUTOMÁTICA,8.0,,,,,,,,,,,0,0,,,,,,,,,0,0,0,0,0,0,0,0,0,0,0,0,0,,,,,,,,,,,,file://data/oem_specs_processed/ford/ford-maverick-2025-catalogo-descargable.pdf,file:ano,2025,ok
FORD,MUSTANG,DARK HORSE COUPE V8 5.0L AUTOMATICO PIEL,2025,,,,,,,,,,,,,,,,,,0,0,,,,,,,,13.2,1,1,0,0,0,0,0,0,0,0,0,0,0,,,,,,,,,,,,file://data/oem_specs_processed/ford/ford-mustang-2025-catalogo-descargable.pdf,text:ano_modelo,2025,ambiguous_text
FORD,MUSTANG,GT PREMIUM FASTBACK V8 TA FREDDY VAN B,2025,,,,,RWD,,,,,,,,,,,,,0,0,,,,,,,,15.5,1,1,0,1,1,0,0,0,0,0,0,0,0,,,,,,,,,,,,file://data/oem_specs_processed/ford/ford-mustang-mach-e-2025-catalogo-descargable.pdf,file:ano,2015,conflict
FORD,RANGER,CREW CAB XLT 4X4 DIESEL 3.2L I5 6VEL AUT,2025,diésel,,,,4X4,AUTOMÁTICA,10.0,,,,,,,,,,,0,0,,,,,,,,12.0,1,1,0,1,0,0,0,0,0,0,0,0,0,,,,,,,,,,,,file://data/oem_specs_processed/ford/ford-ranger-2025-catalogo-descargable.pdf,file:ano,2022,conflict
FORD,TERRITORY,AMBIENTE FWD 1.8L,2025,gasolina,,,,FWD,AUTOMÁTICA,7.0,,,,,,,,,,,1,0,,,,,,,,12.0,1,1,0,1,1,0,0,0,0,0,0,0,0,,,,,,,,,,,,file://data/oem_specs_processed/ford/ford-territory-2025-catalogo-descargable.pdf,file:ano,2023,conflict
FORD,TERRITORY,TITANIUM FWD 1.8L,2026,gasolina,,,,FWD,,7.0,,,,,,,,,,,0,0,,,,,,,,,0,0,1,0,0,0,0,0,0,0,0,0,0,,,,,,,,,,,,file://data/oem_specs_processed/ford/ford-territory-2026-catalogo-descargable.pdf,file:ano,2023,conflict
