make,model,version,ano,mes_calendario,unidades_vendidas,vehicleid_master
ACURA,ADX,A-Spec,2019,12,363,ACURA_ADX_A-Spec_2019
TOYOTA,RAV4,XLE,2019,2,274,TOYOTA_RAV4_XLE_2019
FORD,explorer,Unknown Version,2022,10,52,FORD_explorer_Unknown Version_2022
FORD,explorer,Unknown Version,2021,4,158,FORD_explorer_Unknown Version_2021
HONDA,CIVIC,Touring,2020,11,173,HONDA_CIVIC_Touring_2020
ACURA,ADX,A-Spec,2021,5,98,ACURA_ADX_A-Spec_2021
FIAT,PULSE,Drive MT,2020,8,334,FIAT_PULSE_Drive MT_2020
CHEVROLET,ONIX,LT,2021,3,240,CHEVROLET_ONIX_LT_2021
CHEVROLET,ONIX,LS,2020,12,149,CHEVROLET_ONIX_LS_2020
HONDA,CIVIC,Touring,2019,11,115,HONDA_CIVIC_Touring_2019
ACURA,ADX,Advance,2022,5,295,ACURA_ADX_Advance_2022
FORD,explorer,Unknown Version,2019,2,497,FORD_explorer_Unknown Version_2019
FORD,explorer,Unknown Version,2022,9,204,FORD_explorer_Unknown Version_2022
FORD,explorer,Unknown Version,2019,3,439,FORD_explorer_Unknown Version_2019
HONDA,CIVIC,LX,2020,12,94,HONDA_CIVIC_LX_2020
FIAT,STRADA,Working,2023,6,83,FIAT_STRADA_Working_2023
TOYOTA,COROLLA,LE,2021,10,107,TOYOTA_COROLLA_LE_2021
TOYOTA,RAV4,LE,2020,10,319,TOYOTA_RAV4_LE_2020
ACURA,MDX,Type S,2019,2,40,ACURA_MDX_Type S_2019
CHEVROLET,ONIX,LS,2020,6,427,CHEVROLET_ONIX_LS_2020
CHEVROLET,ONIX,LTZ,2023,3,464,CHEVROLET_ONIX_LTZ_2023
FIAT,PULSE,Audace,2021,4,416,FIAT_PULSE_Audace_2021
FORD,MAVERICK,XLT,2022,11,349,FORD_MAVERICK_XLT_2022
ACURA,INTEGRA,Type S,2019,1,301,ACURA_INTEGRA_Type S_2019
FORD,MAVERICK,Lariat,2019,5,193,FORD_MAVERICK_Lariat_2019
ACURA,MDX,Type S,2023,3,125,ACURA_MDX_Type S_2023
TOYOTA,CAMRY,XLE,2019,12,145,TOYOTA_CAMRY_XLE_2019
TOYOTA,CAMRY,XLE,2018,5,499,TOYOTA_CAMRY_XLE_2018
FORD,ECOSPORT,Titanium,2018,11,45,FORD_ECOSPORT_Titanium_2018
ACURA,INTEGRA,Type S,2018,2,459,ACURA_INTEGRA_Type S_2018
HONDA,CR-V,EX-L,2018,11,79,HONDA_CR-V_EX-L_2018
HONDA,CR-V,Touring,2021,3,475,HONDA_CR-V_Touring_2021
FIAT,PULSE,Drive MT,2021,8,59,FIAT_PULSE_Drive MT_2021
ACURA,ADX,Advance,2021,10,318,ACURA_ADX_Advance_2021
FIAT,PULSE,Impetus,2023,6,175,FIAT_PULSE_Impetus_2023
TOYOTA,CAMRY,XLE,2019,9,99,TOYOTA_CAMRY_XLE_2019
FORD,explorer,Unknown Version,2020,10,122,FORD_explorer_Unknown Version_2020
FIAT,STRADA,Trekking,2019,2,446,FIAT_STRADA_Trekking_2019
FIAT,STRADA,Working,2019,2,485,FIAT_STRADA_Working_2019
ACURA,MDX,Type S,2020,7,216,ACURA_MDX_Type S_2020
FIAT,STRADA,Trekking,2018,3,311,FIAT_STRADA_Trekking_2018
HONDA,CR-V,LX,2018,9,191,HONDA_CR-V_LX_2018
FIAT,STRADA,Trekking,2020,9,96,FIAT_STRADA_Trekking_2020
FORD,MAVERICK,Lariat,2022,4,156,FORD_MAVERICK_Lariat_2022
HONDA,HR-V,EX,2020,4,257,HONDA_HR-V_EX_2020
FIAT,STRADA,Trekking,2022,9,486,FIAT_STRADA_Trekking_2022
FORD,MAVERICK,Lariat,2020,6,239,FORD_MAVERICK_Lariat_2020
TOYOTA,RAV4,XLE,2023,8,250,TOYOTA_RAV4_XLE_2023
HONDA,CR-V,LX,2022,5,191,HONDA_CR-V_LX_2022
ACURA,INTEGRA,Tech,2022,7,66,ACURA_INTEGRA_Tech_2022
FIAT,PULSE,Audace,2021,11,128,FIAT_PULSE_Audace_2021
CHEVROLET,TRACKER,Base,2020,12,96,CHEVROLET_TRACKER_Base_2020
CHEVROLET,ONIX,LT,2021,3,431,CHEVROLET_ONIX_LT_2021
FIAT,STRADA,Working,2021,12,74,FIAT_STRADA_Working_2021
CHEVROLET,TRACKER,LT,2020,5,43,CHEVROLET_TRACKER_LT_2020
HONDA,CR-V,EX-L,2021,12,391,HONDA_CR-V_EX-L_2021
FIAT,STRADA,Trekking,2023,10,74,FIAT_STRADA_Trekking_2023
FORD,explorer,Unknown Version,2020,12,195,FORD_explorer_Unknown Version_2020
CHEVROLET,MALIBU,Premier,2021,4,352,CHEVROLET_MALIBU_Premier_2021
CHEVROLET,ONIX,LT,2022,10,264,CHEVROLET_ONIX_LT_2022
FORD,ECOSPORT,S,2018,6,65,FORD_ECOSPORT_S_2018
TOYOTA,CAMRY,LE,2021,6,108,TOYOTA_CAMRY_LE_2021
TOYOTA,RAV4,LE,2022,2,60,TOYOTA_RAV4_LE_2022
HONDA,CR-V,Touring,2021,9,342,HONDA_CR-V_Touring_2021
ACURA,INTEGRA,A-Spec,2023,7,424,ACURA_INTEGRA_A-Spec_2023
FORD,explorer,Unknown Version,2018,9,225,FORD_explorer_Unknown Version_2018
TOYOTA,COROLLA,XLE,2023,10,381,TOYOTA_COROLLA_XLE_2023
TOYOTA,RAV4,LE,2019,1,177,TOYOTA_RAV4_LE_2019
FIAT,STRADA,Trekking,2022,5,135,FIAT_STRADA_Trekking_2022
FORD,MAVERICK,XLT,2019,10,361,FORD_MAVERICK_XLT_2019
TOYOTA,CAMRY,XLE,2020,9,82,TOYOTA_CAMRY_XLE_2020
TOYOTA,RAV4,Limited,2022,2,91,TOYOTA_RAV4_Limited_2022
TOYOTA,RAV4,XLE,2020,11,445,TOYOTA_RAV4_XLE_2020
CHEVROLET,MALIBU,Premier,2019,7,204,CHEVROLET_MALIBU_Premier_2019
CHEVROLET,MALIBU,Premier,2021,9,44,CHEVROLET_MALIBU_Premier_2021
ACURA,MDX,Type S,2018,4,336,ACURA_MDX_Type S_2018
CHEVROLET,MALIBU,Premier,2023,5,94,CHEVROLET_MALIBU_Premier_2023
HONDA,HR-V,Touring,2019,10,314,HONDA_HR-V_Touring_2019
CHEVROLET,TRACKER,RS,2023,9,336,CHEVROLET_TRACKER_RS_2023
HONDA,HR-V,LX,2022,6,493,HONDA_HR-V_LX_2022
HONDA,HR-V,LX,2023,11,133,HONDA_HR-V_LX_2023
FORD,MAVERICK,Lariat,2018,11,400,FORD_MAVERICK_Lariat_2018
FIAT,PULSE,Impetus,2020,1,209,FIAT_PULSE_Impetus_2020
TOYOTA,CAMRY,SE,2018,1,453,TOYOTA_CAMRY_SE_2018
HONDA,CIVIC,LX,2023,12,482,HONDA_CIVIC_LX_2023
FORD,explorer,Unknown Version,2018,6,390,FORD_explorer_Unknown Version_2018
FIAT,PULSE,Drive MT,2019,8,208,FIAT_PULSE_Drive MT_2019
FORD,ECOSPORT,S,2020,2,113,FORD_ECOSPORT_S_2020
FIAT,STRADA,Trekking,2019,8,146,FIAT_STRADA_Trekking_2019
HONDA,CIVIC,LX,2022,2,75,HONDA_CIVIC_LX_2022
FORD,explorer,Unknown Version,2018,2,168,FORD_explorer_Unknown Version_2018
HONDA,CIVIC,EX,2019,5,216,HONDA_CIVIC_EX_2019
CHEVROLET,ONIX,LTZ,2021,4,82,CHEVROLET_ONIX_LTZ_2021
ACURA,MDX,Type S,2020,2,13,ACURA_MDX_Type S_2020
FORD,ECOSPORT,S,2020,12,489,FORD_ECOSPORT_S_2020
FORD,ECOSPORT,S,2020,11,43,FORD_ECOSPORT_S_2020
HONDA,HR-V,Touring,2019,4,372,HONDA_HR-V_Touring_2019
HONDA,CIVIC,EX,2022,8,460,HONDA_CIVIC_EX_2022
FIAT,STRADA,Trekking,2020,1,49,FIAT_STRADA_Trekking_2020
HONDA,CIVIC,Touring,2022,9,93,HONDA_CIVIC_Touring_2022
FORD,MAVERICK,Lariat,2019,1,70,FORD_MAVERICK_Lariat_2019
TOYOTA,RAV4,LE,2020,11,206,TOYOTA_RAV4_LE_2020
HONDA,CR-V,EX-L,2018,3,447,HONDA_CR-V_EX-L_2018
HONDA,HR-V,EX,2020,6,255,HONDA_HR-V_EX_2020
FORD,explorer,Unknown Version,2023,6,291,FORD_explorer_Unknown Version_2023
TOYOTA,RAV4,XLE,2022,12,416,TOYOTA_RAV4_XLE_2022
FIAT,STRADA,Working,2018,3,149,FIAT_STRADA_Working_2018
FORD,explorer,Unknown Version,2018,6,270,FORD_explorer_Unknown Version_2018
CHEVROLET,TRACKER,RS,2023,4,369,CHEVROLET_TRACKER_RS_2023
FORD,MAVERICK,Lariat,2021,7,451,FORD_MAVERICK_Lariat_2021
TOYOTA,RAV4,LE,2021,4,342,TOYOTA_RAV4_LE_2021
FIAT,PULSE,Drive Plus CVT,2021,12,85,FIAT_PULSE_Drive Plus CVT_2021
FORD,MAVERICK,Lariat,2022,5,118,FORD_MAVERICK_Lariat_2022
FORD,explorer,Unknown Version,2022,9,94,FORD_explorer_Unknown Version_2022
FIAT,PULSE,Audace,2023,1,25,FIAT_PULSE_Audace_2023
TOYOTA,COROLLA,XLE,2021,9,494,TOYOTA_COROLLA_XLE_2021
FIAT,PULSE,Audace,2023,11,19,FIAT_PULSE_Audace_2023
FORD,ECOSPORT,S,2022,11,220,FORD_ECOSPORT_S_2022
TOYOTA,RAV4,XLE,2019,6,492,TOYOTA_RAV4_XLE_2019
FIAT,PULSE,Audace,2022,7,111,FIAT_PULSE_Audace_2022
FORD,ECOSPORT,SE,2021,3,286,FORD_ECOSPORT_SE_2021
FIAT,PULSE,Impetus,2021,8,15,FIAT_PULSE_Impetus_2021
HONDA,HR-V,LX,2021,3,139,HONDA_HR-V_LX_2021
FIAT,PULSE,Impetus,2020,4,292,FIAT_PULSE_Impetus_2020
ACURA,INTEGRA,Type S,2022,9,189,ACURA_INTEGRA_Type S_2022
CHEVROLET,MALIBU,Premier,2023,12,312,CHEVROLET_MALIBU_Premier_2023
FORD,ECOSPORT,S,2023,10,67,FORD_ECOSPORT_S_2023
TOYOTA,CAMRY,XLE,2021,3,380,TOYOTA_CAMRY_XLE_2021
FIAT,PULSE,Impetus,2022,10,272,FIAT_PULSE_Impetus_2022
HONDA,HR-V,LX,2022,12,138,HONDA_HR-V_LX_2022
HONDA,CR-V,Touring,2022,10,42,HONDA_CR-V_Touring_2022
ACURA,ADX,A-Spec,2020,12,447,ACURA_ADX_A-Spec_2020
TOYOTA,RAV4,Limited,2022,9,376,TOYOTA_RAV4_Limited_2022
FORD,ECOSPORT,S,2022,11,34,FORD_ECOSPORT_S_2022
FIAT,PULSE,Audace,2021,5,430,FIAT_PULSE_Audace_2021
ACURA,ADX,Advance,2019,3,254,ACURA_ADX_Advance_2019
HONDA,CIVIC,LX,2019,3,151,HONDA_CIVIC_LX_2019
FIAT,STRADA,Working,2018,2,23,FIAT_STRADA_Working_2018
FIAT,STRADA,Working,2018,1,396,FIAT_STRADA_Working_2018
FORD,MAVERICK,Lariat,2022,3,110,FORD_MAVERICK_Lariat_2022
TOYOTA,CAMRY,XLE,2022,3,92,TOYOTA_CAMRY_XLE_2022
FIAT,STRADA,Trekking,2020,7,265,FIAT_STRADA_Trekking_2020
FORD,ECOSPORT,Titanium,2021,10,427,FORD_ECOSPORT_Titanium_2021
TOYOTA,RAV4,LE,2018,1,308,TOYOTA_RAV4_LE_2018
FORD,MAVERICK,XLT,2020,4,64,FORD_MAVERICK_XLT_2020
CHEVROLET,ONIX,LTZ,2020,8,162,CHEVROLET_ONIX_LTZ_2020
FORD,explorer,Unknown Version,2019,12,392,FORD_explorer_Unknown Version_2019
TOYOTA,RAV4,Limited,2018,8,372,TOYOTA_RAV4_Limited_2018
FIAT,PULSE,Audace,2023,11,110,FIAT_PULSE_Audace_2023
TOYOTA,RAV4,Limited,2018,6,328,TOYOTA_RAV4_Limited_2018
TOYOTA,COROLLA,LE,2018,7,89,TOYOTA_COROLLA_LE_2018
FORD,explorer,Unknown Version,2023,10,163,FORD_explorer_Unknown Version_2023
HONDA,HR-V,Touring,2019,1,116,HONDA_HR-V_Touring_2019
FORD,ECOSPORT,Titanium,2018,6,38,FORD_ECOSPORT_Titanium_2018
FIAT,STRADA,Working,2022,6,113,FIAT_STRADA_Working_2022
ACURA,MDX,Advance,2019,4,411,ACURA_MDX_Advance_2019
TOYOTA,CAMRY,LE,2021,5,424,TOYOTA_CAMRY_LE_2021
ACURA,MDX,Type S,2021,5,221,ACURA_MDX_Type S_2021
TOYOTA,CAMRY,XLE,2022,7,324,TOYOTA_CAMRY_XLE_2022
CHEVROLET,ONIX,LT,2018,1,265,CHEVROLET_ONIX_LT_2018
FORD,ECOSPORT,SE,2019,9,41,FORD_ECOSPORT_SE_2019
ACURA,ADX,Advance,2022,6,344,ACURA_ADX_Advance_2022
CHEVROLET,ONIX,LTZ,2020,5,236,CHEVROLET_ONIX_LTZ_2020
TOYOTA,COROLLA,LE,2023,11,189,TOYOTA_COROLLA_LE_2023
FORD,ECOSPORT,S,2019,7,201,FORD_ECOSPORT_S_2019
TOYOTA,CAMRY,LE,2018,12,168,TOYOTA_CAMRY_LE_2018
TOYOTA,COROLLA,XLE,2019,6,320,TOYOTA_COROLLA_XLE_2019
TOYOTA,COROLLA,XLE,2019,12,499,TOYOTA_COROLLA_XLE_2019
ACURA,MDX,Type S,2018,12,383,ACURA_MDX_Type S_2018
FIAT,STRADA,Trekking,2018,1,20,FIAT_STRADA_Trekking_2018
FIAT,STRADA,Trekking,2021,6,359,FIAT_STRADA_Trekking_2021
TOYOTA,RAV4,XLE,2021,4,367,TOYOTA_RAV4_XLE_2021
FORD,explorer,Unknown Version,2018,8,240,FORD_explorer_Unknown Version_2018
FORD,MAVERICK,Lariat,2020,4,76,FORD_MAVERICK_Lariat_2020
TOYOTA,CAMRY,SE,2019,10,85,TOYOTA_CAMRY_SE_2019
TOYOTA,CAMRY,LE,2018,7,274,TOYOTA_CAMRY_LE_2018
ACURA,ADX,A-Spec,2018,8,43,ACURA_ADX_A-Spec_2018
FORD,MAVERICK,XLT,2022,12,118,FORD_MAVERICK_XLT_2022
FORD,MAVERICK,Lariat,2020,12,34,FORD_MAVERICK_Lariat_2020
TOYOTA,RAV4,Limited,2019,3,345,TOYOTA_RAV4_Limited_2019
FORD,MAVERICK,Lariat,2023,4,129,FORD_MAVERICK_Lariat_2023
ACURA,ADX,A-Spec,2021,9,334,ACURA_ADX_A-Spec_2021
FIAT,PULSE,Drive Plus CVT,2022,4,255,FIAT_PULSE_Drive Plus CVT_2022
ACURA,INTEGRA,Type S,2018,4,63,ACURA_INTEGRA_Type S_2018
FIAT,STRADA,Trekking,2021,4,272,FIAT_STRADA_Trekking_2021
TOYOTA,COROLLA,LE,2021,9,86,TOYOTA_COROLLA_LE_2021
CHEVROLET,MALIBU,Premier,2019,2,322,CHEVROLET_MALIBU_Premier_2019
HONDA,CIVIC,Touring,2021,7,302,HONDA_CIVIC_Touring_2021
CHEVROLET,TRACKER,LT,2018,9,283,CHEVROLET_TRACKER_LT_2018
TOYOTA,COROLLA,SE,2023,10,300,TOYOTA_COROLLA_SE_2023
TOYOTA,COROLLA,XLE,2018,9,477,TOYOTA_COROLLA_XLE_2018
CHEVROLET,MALIBU,Premier,2022,3,89,CHEVROLET_MALIBU_Premier_2022
ACURA,ADX,Advance,2023,12,344,ACURA_ADX_Advance_2023
ACURA,MDX,Advance,2022,2,258,ACURA_MDX_Advance_2022
FORD,explorer,Unknown Version,2020,10,146,FORD_explorer_Unknown Version_2020
FIAT,PULSE,Drive MT,2023,10,27,FIAT_PULSE_Drive MT_2023
ACURA,MDX,Advance,2021,12,493,ACURA_MDX_Advance_2021
ACURA,INTEGRA,A-Spec,2022,2,301,ACURA_INTEGRA_A-Spec_2022
TOYOTA,CAMRY,LE,2021,7,246,TOYOTA_CAMRY_LE_2021
TOYOTA,RAV4,Limited,2018,5,90,TOYOTA_RAV4_Limited_2018
ACURA,MDX,Advance,2019,4,138,ACURA_MDX_Advance_2019
ACURA,ADX,A-Spec,2019,5,494,ACURA_ADX_A-Spec_2019
FORD,MAVERICK,Lariat,2023,3,314,FORD_MAVERICK_Lariat_2023
CHEVROLET,MALIBU,LT,2022,3,126,CHEVROLET_MALIBU_LT_2022
HONDA,CR-V,LX,2019,4,212,HONDA_CR-V_LX_2019
ACURA,ADX,A-Spec,2018,7,61,ACURA_ADX_A-Spec_2018
FORD,MAVERICK,Lariat,2019,1,352,FORD_MAVERICK_Lariat_2019
HONDA,CR-V,EX-L,2022,6,403,HONDA_CR-V_EX-L_2022
CHEVROLET,MALIBU,LT,2019,6,226,CHEVROLET_MALIBU_LT_2019
FORD,explorer,Unknown Version,2019,2,277,FORD_explorer_Unknown Version_2019
CHEVROLET,MALIBU,LT,2022,8,433,CHEVROLET_MALIBU_LT_2022
FIAT,PULSE,Drive MT,2018,5,285,FIAT_PULSE_Drive MT_2018
FORD,MAVERICK,XLT,2020,8,455,FORD_MAVERICK_XLT_2020
CHEVROLET,MALIBU,LT,2019,4,227,CHEVROLET_MALIBU_LT_2019
ACURA,INTEGRA,Tech,2023,9,276,ACURA_INTEGRA_Tech_2023
FORD,explorer,Unknown Version,2019,12,270,FORD_explorer_Unknown Version_2019
TOYOTA,COROLLA,SE,2020,6,298,TOYOTA_COROLLA_SE_2020
HONDA,CR-V,EX-L,2023,7,33,HONDA_CR-V_EX-L_2023
FIAT,PULSE,Audace,2018,2,227,FIAT_PULSE_Audace_2018
FIAT,PULSE,Audace,2023,10,171,FIAT_PULSE_Audace_2023
HONDA,CIVIC,LX,2022,7,155,HONDA_CIVIC_LX_2022
FORD,MAVERICK,Lariat,2021,12,26,FORD_MAVERICK_Lariat_2021
FIAT,STRADA,Trekking,2020,3,316,FIAT_STRADA_Trekking_2020
ACURA,INTEGRA,Type S,2023,1,374,ACURA_INTEGRA_Type S_2023
FIAT,PULSE,Drive MT,2018,7,208,FIAT_PULSE_Drive MT_2018
FORD,ECOSPORT,S,2022,4,184,FORD_ECOSPORT_S_2022
HONDA,HR-V,Touring,2018,1,151,HONDA_HR-V_Touring_2018
HONDA,HR-V,LX,2018,11,380,HONDA_HR-V_LX_2018
TOYOTA,COROLLA,LE,2021,3,357,TOYOTA_COROLLA_LE_2021
TOYOTA,CAMRY,LE,2018,2,132,TOYOTA_CAMRY_LE_2018
CHEVROLET,ONIX,LS,2018,11,128,CHEVROLET_ONIX_LS_2018
HONDA,CIVIC,LX,2022,3,203,HONDA_CIVIC_LX_2022
TOYOTA,RAV4,XLE,2020,1,148,TOYOTA_RAV4_XLE_2020
CHEVROLET,ONIX,LT,2020,6,404,CHEVROLET_ONIX_LT_2020
ACURA,MDX,Type S,2019,5,46,ACURA_MDX_Type S_2019
CHEVROLET,ONIX,LS,2023,6,222,CHEVROLET_ONIX_LS_2023
ACURA,INTEGRA,Tech,2018,2,351,ACURA_INTEGRA_Tech_2018
HONDA,CIVIC,LX,2022,7,93,HONDA_CIVIC_LX_2022
CHEVROLET,ONIX,LT,2020,6,452,CHEVROLET_ONIX_LT_2020
FIAT,STRADA,Trekking,2023,4,125,FIAT_STRADA_Trekking_2023
FORD,MAVERICK,XLT,2022,12,37,FORD_MAVERICK_XLT_2022
TOYOTA,COROLLA,XLE,2021,5,99,TOYOTA_COROLLA_XLE_2021
HONDA,HR-V,EX,2019,2,239,HONDA_HR-V_EX_2019
CHEVROLET,ONIX,LS,2022,8,434,CHEVROLET_ONIX_LS_2022
FORD,explorer,Unknown Version,2023,10,380,FORD_explorer_Unknown Version_2023
ACURA,MDX,Type S,2022,8,343,ACURA_MDX_Type S_2022
CHEVROLET,TRACKER,RS,2020,6,60,CHEVROLET_TRACKER_RS_2020
ACURA,INTEGRA,Tech,2021,10,329,ACURA_INTEGRA_Tech_2021
HONDA,CIVIC,LX,2019,8,178,HONDA_CIVIC_LX_2019
CHEVROLET,MALIBU,LT,2023,9,445,CHEVROLET_MALIBU_LT_2023
TOYOTA,COROLLA,XLE,2021,1,457,TOYOTA_COROLLA_XLE_2021
FORD,explorer,Unknown Version,2022,10,158,FORD_explorer_Unknown Version_2022
FORD,explorer,Unknown Version,2022,3,324,FORD_explorer_Unknown Version_2022
FIAT,STRADA,Trekking,2018,4,338,FIAT_STRADA_Trekking_2018
TOYOTA,CAMRY,LE,2021,1,32,TOYOTA_CAMRY_LE_2021
HONDA,HR-V,EX,2020,12,63,HONDA_HR-V_EX_2020
HONDA,CIVIC,EX,2020,8,281,HONDA_CIVIC_EX_2020
HONDA,CR-V,EX-L,2021,8,208,HONDA_CR-V_EX-L_2021
ACURA,INTEGRA,Tech,2020,1,144,ACURA_INTEGRA_Tech_2020
ACURA,MDX,Type S,2019,7,263,ACURA_MDX_Type S_2019
ACURA,MDX,Type S,2021,8,244,ACURA_MDX_Type S_2021
TOYOTA,COROLLA,SE,2019,12,227,TOYOTA_COROLLA_SE_2019
TOYOTA,RAV4,LE,2020,5,449,TOYOTA_RAV4_LE_2020
ACURA,ADX,Advance,2021,6,308,ACURA_ADX_Advance_2021
TOYOTA,RAV4,Limited,2021,9,124,TOYOTA_RAV4_Limited_2021
CHEVROLET,MALIBU,LT,2021,2,309,CHEVROLET_MALIBU_LT_2021
TOYOTA,CAMRY,SE,2022,11,347,TOYOTA_CAMRY_SE_2022
ACURA,INTEGRA,Type S,2021,10,63,ACURA_INTEGRA_Type S_2021
ACURA,INTEGRA,A-Spec,2019,10,421,ACURA_INTEGRA_A-Spec_2019
FIAT,STRADA,Working,2022,10,82,FIAT_STRADA_Working_2022
ACURA,ADX,A-Spec,2021,6,279,ACURA_ADX_A-Spec_2021
HONDA,HR-V,LX,2023,4,368,HONDA_HR-V_LX_2023
FIAT,STRADA,Trekking,2018,9,101,FIAT_STRADA_Trekking_2018
FORD,MAVERICK,XLT,2018,4,156,FORD_MAVERICK_XLT_2018
FIAT,STRADA,Trekking,2018,10,437,FIAT_STRADA_Trekking_2018
ACURA,MDX,Advance,2023,1,290,ACURA_MDX_Advance_2023
FIAT,PULSE,Drive MT,2021,12,423,FIAT_PULSE_Drive MT_2021
TOYOTA,COROLLA,SE,2019,2,276,TOYOTA_COROLLA_SE_2019
TOYOTA,RAV4,Limited,2019,9,426,TOYOTA_RAV4_Limited_2019
FORD,ECOSPORT,S,2019,6,311,FORD_ECOSPORT_S_2019
CHEVROLET,MALIBU,Premier,2019,9,389,CHEVROLET_MALIBU_Premier_2019
ACURA,ADX,A-Spec,2022,12,245,ACURA_ADX_A-Spec_2022
CHEVROLET,MALIBU,Premier,2021,8,44,CHEVROLET_MALIBU_Premier_2021
FIAT,STRADA,Trekking,2018,1,155,FIAT_STRADA_Trekking_2018
CHEVROLET,MALIBU,LT,2019,10,329,CHEVROLET_MALIBU_LT_2019
HONDA,CIVIC,LX,2018,11,252,HONDA_CIVIC_LX_2018
ACURA,INTEGRA,A-Spec,2022,8,349,ACURA_INTEGRA_A-Spec_2022
ACURA,MDX,Type S,2020,6,491,ACURA_MDX_Type S_2020
FIAT,PULSE,Drive MT,2023,8,123,FIAT_PULSE_Drive MT_2023
CHEVROLET,MALIBU,Premier,2020,12,466,CHEVROLET_MALIBU_Premier_2020
CHEVROLET,ONIX,LT,2020,7,158,CHEVROLET_ONIX_LT_2020
HONDA,CR-V,LX,2021,6,142,HONDA_CR-V_LX_2021
FIAT,PULSE,Drive Plus CVT,2020,8,163,FIAT_PULSE_Drive Plus CVT_2020
FORD,ECOSPORT,SE,2023,8,30,FORD_ECOSPORT_SE_2023
TOYOTA,RAV4,Limited,2018,7,457,TOYOTA_RAV4_Limited_2018
HONDA,HR-V,LX,2022,10,315,HONDA_HR-V_LX_2022
CHEVROLET,ONIX,LTZ,2020,7,133,CHEVROLET_ONIX_LTZ_2020
TOYOTA,RAV4,XLE,2018,9,27,TOYOTA_RAV4_XLE_2018
TOYOTA,CAMRY,SE,2019,5,409,TOYOTA_CAMRY_SE_2019
FIAT,PULSE,Impetus,2022,8,78,FIAT_PULSE_Impetus_2022
FIAT,PULSE,Impetus,2023,4,55,FIAT_PULSE_Impetus_2023
CHEVROLET,ONIX,LTZ,2020,2,389,CHEVROLET_ONIX_LTZ_2020
FIAT,STRADA,Trekking,2023,11,31,FIAT_STRADA_Trekking_2023
CHEVROLET,MALIBU,Premier,2023,6,339,CHEVROLET_MALIBU_Premier_2023
FIAT,PULSE,Drive Plus CVT,2022,2,470,FIAT_PULSE_Drive Plus CVT_2022
FIAT,STRADA,Trekking,2019,11,92,FIAT_STRADA_Trekking_2019
FORD,ECOSPORT,S,2019,6,151,FORD_ECOSPORT_S_2019
ACURA,INTEGRA,Tech,2021,6,219,ACURA_INTEGRA_Tech_2021
HONDA,CIVIC,Touring,2020,8,173,HONDA_CIVIC_Touring_2020
HONDA,CR-V,EX-L,2022,12,348,HONDA_CR-V_EX-L_2022
TOYOTA,RAV4,LE,2023,4,235,TOYOTA_RAV4_LE_2023
ACURA,INTEGRA,Type S,2019,9,289,ACURA_INTEGRA_Type S_2019
FIAT,STRADA,Working,2021,1,334,FIAT_STRADA_Working_2021
TOYOTA,COROLLA,LE,2020,2,293,TOYOTA_COROLLA_LE_2020
FORD,ECOSPORT,SE,2022,2,474,FORD_ECOSPORT_SE_2022
TOYOTA,RAV4,LE,2021,6,492,TOYOTA_RAV4_LE_2021
FORD,ECOSPORT,Titanium,2023,6,327,FORD_ECOSPORT_Titanium_2023
FIAT,PULSE,Drive Plus CVT,2022,11,336,FIAT_PULSE_Drive Plus CVT_2022
FORD,explorer,Unknown Version,2018,8,496,FORD_explorer_Unknown Version_2018
ACURA,MDX,Advance,2018,10,316,ACURA_MDX_Advance_2018
TOYOTA,RAV4,LE,2023,5,359,TOYOTA_RAV4_LE_2023
ACURA,INTEGRA,A-Spec,2020,10,294,ACURA_INTEGRA_A-Spec_2020
CHEVROLET,TRACKER,Base,2019,1,373,CHEVROLET_TRACKER_Base_2019
ACURA,MDX,Type S,2022,12,101,ACURA_MDX_Type S_2022
FIAT,PULSE,Drive Plus CVT,2022,4,253,FIAT_PULSE_Drive Plus CVT_2022
ACURA,ADX,A-Spec,2021,10,231,ACURA_ADX_A-Spec_2021
ACURA,ADX,A-Spec,2021,2,51,ACURA_ADX_A-Spec_2021
TOYOTA,RAV4,LE,2021,5,247,TOYOTA_RAV4_LE_2021
ACURA,MDX,Type S,2023,7,415,ACURA_MDX_Type S_2023
HONDA,CIVIC,LX,2019,5,473,HONDA_CIVIC_LX_2019
FORD,ECOSPORT,S,2020,3,84,FORD_ECOSPORT_S_2020
ACURA,MDX,Type S,2022,11,327,ACURA_MDX_Type S_2022
CHEVROLET,ONIX,LS,2023,8,225,CHEVROLET_ONIX_LS_2023
HONDA,CIVIC,LX,2019,4,168,HONDA_CIVIC_LX_2019
FORD,ECOSPORT,SE,2019,8,299,FORD_ECOSPORT_SE_2019
CHEVROLET,MALIBU,Premier,2020,6,282,CHEVROLET_MALIBU_Premier_2020
FIAT,PULSE,Impetus,2020,12,15,FIAT_PULSE_Impetus_2020
FORD,MAVERICK,Lariat,2021,8,291,FORD_MAVERICK_Lariat_2021
TOYOTA,RAV4,LE,2018,6,162,TOYOTA_RAV4_LE_2018
FIAT,PULSE,Drive Plus CVT,2019,5,244,FIAT_PULSE_Drive Plus CVT_2019
HONDA,CIVIC,LX,2020,4,343,HONDA_CIVIC_LX_2020
ACURA,ADX,Advance,2023,7,182,ACURA_ADX_Advance_2023
ACURA,MDX,Advance,2019,6,202,ACURA_MDX_Advance_2019
FORD,explorer,Unknown Version,2023,1,445,FORD_explorer_Unknown Version_2023
ACURA,MDX,Advance,2023,7,206,ACURA_MDX_Advance_2023
ACURA,ADX,Advance,2022,9,69,ACURA_ADX_Advance_2022
ACURA,MDX,Type S,2023,3,38,ACURA_MDX_Type S_2023
TOYOTA,RAV4,LE,2019,2,395,TOYOTA_RAV4_LE_2019
CHEVROLET,TRACKER,RS,2021,9,258,CHEVROLET_TRACKER_RS_2021
TOYOTA,CAMRY,LE,2018,12,331,TOYOTA_CAMRY_LE_2018
ACURA,ADX,Advance,2021,1,134,ACURA_ADX_Advance_2021
ACURA,INTEGRA,Tech,2021,9,189,ACURA_INTEGRA_Tech_2021
FIAT,STRADA,Working,2020,10,326,FIAT_STRADA_Working_2020
FIAT,STRADA,Working,2020,2,387,FIAT_STRADA_Working_2020
FORD,explorer,Unknown Version,2019,3,234,FORD_explorer_Unknown Version_2019
FORD,explorer,Unknown Version,2018,3,461,FORD_explorer_Unknown Version_2018
FORD,ECOSPORT,SE,2021,4,423,FORD_ECOSPORT_SE_2021
CHEVROLET,MALIBU,LT,2020,5,272,CHEVROLET_MALIBU_LT_2020
FORD,MAVERICK,XLT,2021,4,425,FORD_MAVERICK_XLT_2021
TOYOTA,CAMRY,LE,2018,10,206,TOYOTA_CAMRY_LE_2018
FORD,MAVERICK,XLT,2019,1,82,FORD_MAVERICK_XLT_2019
TOYOTA,RAV4,LE,2021,1,113,TOYOTA_RAV4_LE_2021
HONDA,CR-V,LX,2023,3,60,HONDA_CR-V_LX_2023
HONDA,HR-V,EX,2020,7,463,HONDA_HR-V_EX_2020
TOYOTA,RAV4,XLE,2018,10,152,TOYOTA_RAV4_XLE_2018
HONDA,CIVIC,EX,2022,5,310,HONDA_CIVIC_EX_2022
TOYOTA,COROLLA,LE,2021,4,52,TOYOTA_COROLLA_LE_2021
CHEVROLET,ONIX,LT,2020,7,479,CHEVROLET_ONIX_LT_2020
TOYOTA,COROLLA,XLE,2023,3,173,TOYOTA_COROLLA_XLE_2023
ACURA,MDX,Type S,2018,11,275,ACURA_MDX_Type S_2018
TOYOTA,RAV4,Limited,2023,7,222,TOYOTA_RAV4_Limited_2023
HONDA,CIVIC,Touring,2020,7,84,HONDA_CIVIC_Touring_2020
ACURA,MDX,Advance,2018,9,11,ACURA_MDX_Advance_2018
FORD,MAVERICK,XLT,2021,5,296,FORD_MAVERICK_XLT_2021
CHEVROLET,MALIBU,Premier,2022,5,348,CHEVROLET_MALIBU_Premier_2022
CHEVROLET,MALIBU,LT,2021,6,300,CHEVROLET_MALIBU_LT_2021
FIAT,PULSE,Drive Plus CVT,2019,7,191,FIAT_PULSE_Drive Plus CVT_2019
CHEVROLET,MALIBU,LT,2019,8,387,CHEVROLET_MALIBU_LT_2019
ACURA,ADX,A-Spec,2022,1,332,ACURA_ADX_A-Spec_2022
CHEVROLET,TRACKER,RS,2021,9,435,CHEVROLET_TRACKER_RS_2021
HONDA,CR-V,Touring,2021,1,207,HONDA_CR-V_Touring_2021
ACURA,INTEGRA,Tech,2020,5,227,ACURA_INTEGRA_Tech_2020
HONDA,CIVIC,LX,2021,3,213,HONDA_CIVIC_LX_2021
ACURA,ADX,Advance,2018,7,491,ACURA_ADX_Advance_2018
ACURA,ADX,Advance,2021,7,381,ACURA_ADX_Advance_2021
CHEVROLET,MALIBU,Premier,2020,12,447,CHEVROLET_MALIBU_Premier_2020
TOYOTA,RAV4,Limited,2020,10,492,TOYOTA_RAV4_Limited_2020
CHEVROLET,ONIX,LS,2021,1,242,CHEVROLET_ONIX_LS_2021
ACURA,INTEGRA,A-Spec,2022,9,63,ACURA_INTEGRA_A-Spec_2022
TOYOTA,COROLLA,XLE,2018,6,390,TOYOTA_COROLLA_XLE_2018
ACURA,MDX,Advance,2021,2,181,ACURA_MDX_Advance_2021
FIAT,PULSE,Drive Plus CVT,2021,11,132,FIAT_PULSE_Drive Plus CVT_2021
CHEVROLET,TRACKER,Base,2018,5,274,CHEVROLET_TRACKER_Base_2018
TOYOTA,CAMRY,XLE,2019,9,456,TOYOTA_CAMRY_XLE_2019
CHEVROLET,TRACKER,LT,2018,8,256,CHEVROLET_TRACKER_LT_2018
FIAT,PULSE,Audace,2022,7,388,FIAT_PULSE_Audace_2022
HONDA,CR-V,EX-L,2018,3,216,HONDA_CR-V_EX-L_2018
CHEVROLET,MALIBU,Premier,2019,12,493,CHEVROLET_MALIBU_Premier_2019
HONDA,CR-V,EX-L,2021,5,275,HONDA_CR-V_EX-L_2021
TOYOTA,COROLLA,LE,2020,5,255,TOYOTA_COROLLA_LE_2020
CHEVROLET,MALIBU,LT,2023,8,21,CHEVROLET_MALIBU_LT_2023
TOYOTA,COROLLA,LE,2021,11,311,TOYOTA_COROLLA_LE_2021
FIAT,STRADA,Working,2022,4,17,FIAT_STRADA_Working_2022
CHEVROLET,TRACKER,Base,2021,8,491,CHEVROLET_TRACKER_Base_2021
FORD,ECOSPORT,S,2019,5,338,FORD_ECOSPORT_S_2019
HONDA,CIVIC,Touring,2022,7,409,HONDA_CIVIC_Touring_2022
HONDA,HR-V,LX,2018,2,411,HONDA_HR-V_LX_2018
FORD,explorer,Unknown Version,2021,11,112,FORD_explorer_Unknown Version_2021
FIAT,STRADA,Working,2018,4,224,FIAT_STRADA_Working_2018
FORD,ECOSPORT,Titanium,2022,6,387,FORD_ECOSPORT_Titanium_2022
FORD,explorer,Unknown Version,2023,8,123,FORD_explorer_Unknown Version_2023
FORD,MAVERICK,Lariat,2022,4,304,FORD_MAVERICK_Lariat_2022
ACURA,MDX,Type S,2018,7,10,ACURA_MDX_Type S_2018
HONDA,HR-V,Touring,2020,4,417,HONDA_HR-V_Touring_2020
TOYOTA,COROLLA,LE,2022,1,126,TOYOTA_COROLLA_LE_2022
ACURA,MDX,Advance,2019,6,91,ACURA_MDX_Advance_2019
CHEVROLET,MALIBU,Premier,2020,7,166,CHEVROLET_MALIBU_Premier_2020
ACURA,MDX,Advance,2023,8,73,ACURA_MDX_Advance_2023
ACURA,MDX,Advance,2022,9,483,ACURA_MDX_Advance_2022
ACURA,INTEGRA,Tech,2019,1,265,ACURA_INTEGRA_Tech_2019
TOYOTA,COROLLA,LE,2018,9,273,TOYOTA_COROLLA_LE_2018
ACURA,ADX,Advance,2023,6,234,ACURA_ADX_Advance_2023
HONDA,HR-V,EX,2020,7,49,HONDA_HR-V_EX_2020
CHEVROLET,ONIX,LTZ,2022,11,80,CHEVROLET_ONIX_LTZ_2022
CHEVROLET,MALIBU,Premier,2018,10,253,CHEVROLET_MALIBU_Premier_2018
FORD,explorer,Unknown Version,2021,2,237,FORD_explorer_Unknown Version_2021
FORD,explorer,Unknown Version,2023,2,176,FORD_explorer_Unknown Version_2023
FORD,MAVERICK,XLT,2019,12,335,FORD_MAVERICK_XLT_2019
HONDA,CR-V,EX-L,2023,6,414,HONDA_CR-V_EX-L_2023
TOYOTA,CAMRY,LE,2019,7,369,TOYOTA_CAMRY_LE_2019
FIAT,PULSE,Audace,2020,2,424,FIAT_PULSE_Audace_2020
HONDA,CR-V,EX-L,2020,8,325,HONDA_CR-V_EX-L_2020
FORD,MAVERICK,Lariat,2018,4,11,FORD_MAVERICK_Lariat_2018
TOYOTA,COROLLA,SE,2023,7,298,TOYOTA_COROLLA_SE_2023
ACURA,INTEGRA,Type S,2019,7,308,ACURA_INTEGRA_Type S_2019
ACURA,INTEGRA,A-Spec,2018,9,50,ACURA_INTEGRA_A-Spec_2018
FIAT,PULSE,Drive Plus CVT,2022,8,35,FIAT_PULSE_Drive Plus CVT_2022
FORD,MAVERICK,Lariat,2020,2,460,FORD_MAVERICK_Lariat_2020
TOYOTA,COROLLA,LE,2018,1,151,TOYOTA_COROLLA_LE_2018
HONDA,HR-V,LX,2020,6,234,HONDA_HR-V_LX_2020
FORD,explorer,Unknown Version,2021,12,164,FORD_explorer_Unknown Version_2021
ACURA,MDX,Advance,2019,5,192,ACURA_MDX_Advance_2019
ACURA,INTEGRA,Tech,2019,8,145,ACURA_INTEGRA_Tech_2019
ACURA,ADX,A-Spec,2020,7,426,ACURA_ADX_A-Spec_2020
FIAT,STRADA,Working,2023,8,159,FIAT_STRADA_Working_2023
ACURA,INTEGRA,Tech,2018,5,141,ACURA_INTEGRA_Tech_2018
ACURA,MDX,Type S,2022,5,295,ACURA_MDX_Type S_2022
FIAT,PULSE,Audace,2018,8,10,FIAT_PULSE_Audace_2018
CHEVROLET,ONIX,LT,2018,1,176,CHEVROLET_ONIX_LT_2018
ACURA,MDX,Type S,2020,5,448,ACURA_MDX_Type S_2020
CHEVROLET,TRACKER,LT,2021,10,109,CHEVROLET_TRACKER_LT_2021
ACURA,ADX,A-Spec,2018,8,406,ACURA_ADX_A-Spec_2018
TOYOTA,CAMRY,SE,2018,3,65,TOYOTA_CAMRY_SE_2018
CHEVROLET,TRACKER,LT,2018,5,197,CHEVROLET_TRACKER_LT_2018
HONDA,HR-V,Touring,2023,12,123,HONDA_HR-V_Touring_2023
CHEVROLET,ONIX,LS,2018,5,23,CHEVROLET_ONIX_LS_2018
TOYOTA,RAV4,LE,2022,6,220,TOYOTA_RAV4_LE_2022
FORD,ECOSPORT,Titanium,2019,11,101,FORD_ECOSPORT_Titanium_2019
FIAT,STRADA,Trekking,2018,9,228,FIAT_STRADA_Trekking_2018
HONDA,HR-V,Touring,2023,3,452,HONDA_HR-V_Touring_2023
CHEVROLET,MALIBU,Premier,2023,8,117,CHEVROLET_MALIBU_Premier_2023
FIAT,PULSE,Drive MT,2022,9,276,FIAT_PULSE_Drive MT_2022
FIAT,PULSE,Drive Plus CVT,2022,5,102,FIAT_PULSE_Drive Plus CVT_2022
ACURA,ADX,Advance,2019,6,255,ACURA_ADX_Advance_2019
ACURA,MDX,Type S,2020,11,240,ACURA_MDX_Type S_2020
ACURA,ADX,Advance,2018,10,229,ACURA_ADX_Advance_2018
HONDA,CIVIC,Touring,2023,4,241,HONDA_CIVIC_Touring_2023
CHEVROLET,MALIBU,Premier,2020,5,149,CHEVROLET_MALIBU_Premier_2020
HONDA,HR-V,Touring,2021,8,78,HONDA_HR-V_Touring_2021
ACURA,INTEGRA,A-Spec,2019,6,362,ACURA_INTEGRA_A-Spec_2019
HONDA,HR-V,LX,2020,12,284,HONDA_HR-V_LX_2020
CHEVROLET,MALIBU,LT,2021,2,278,CHEVROLET_MALIBU_LT_2021
CHEVROLET,MALIBU,Premier,2020,3,267,CHEVROLET_MALIBU_Premier_2020
FIAT,STRADA,Trekking,2021,1,389,FIAT_STRADA_Trekking_2021
ACURA,MDX,Type S,2023,8,442,ACURA_MDX_Type S_2023
FORD,explorer,Unknown Version,2021,1,332,FORD_explorer_Unknown Version_2021
ACURA,INTEGRA,Tech,2023,8,299,ACURA_INTEGRA_Tech_2023
HONDA,CIVIC,LX,2018,5,373,HONDA_CIVIC_LX_2018
TOYOTA,RAV4,XLE,2022,6,459,TOYOTA_RAV4_XLE_2022
FIAT,PULSE,Drive MT,2019,3,314,FIAT_PULSE_Drive MT_2019
FIAT,PULSE,Impetus,2021,9,442,FIAT_PULSE_Impetus_2021
CHEVROLET,ONIX,LTZ,2018,10,220,CHEVROLET_ONIX_LTZ_2018
TOYOTA,COROLLA,XLE,2023,8,171,TOYOTA_COROLLA_XLE_2023
ACURA,INTEGRA,Type S,2018,1,103,ACURA_INTEGRA_Type S_2018
CHEVROLET,ONIX,LT,2023,6,471,CHEVROLET_ONIX_LT_2023
HONDA,CIVIC,EX,2019,5,290,HONDA_CIVIC_EX_2019
FORD,MAVERICK,Lariat,2023,12,53,FORD_MAVERICK_Lariat_2023
FIAT,STRADA,Trekking,2018,3,341,FIAT_STRADA_Trekking_2018
HONDA,HR-V,Touring,2018,1,470,HONDA_HR-V_Touring_2018
HONDA,CIVIC,LX,2018,3,376,HONDA_CIVIC_LX_2018
ACURA,MDX,Type S,2021,11,490,ACURA_MDX_Type S_2021
ACURA,INTEGRA,Tech,2019,2,122,ACURA_INTEGRA_Tech_2019
TOYOTA,CAMRY,SE,2022,8,298,TOYOTA_CAMRY_SE_2022
TOYOTA,CAMRY,XLE,2022,4,452,TOYOTA_CAMRY_XLE_2022
CHEVROLET,TRACKER,LT,2018,4,188,CHEVROLET_TRACKER_LT_2018
FORD,ECOSPORT,S,2022,3,58,FORD_ECOSPORT_S_2022
TOYOTA,RAV4,XLE,2021,6,262,TOYOTA_RAV4_XLE_2021
HONDA,CR-V,Touring,2018,9,122,HONDA_CR-V_Touring_2018
TOYOTA,RAV4,Limited,2020,3,418,TOYOTA_RAV4_Limited_2020
HONDA,CIVIC,LX,2018,1,471,HONDA_CIVIC_LX_2018
CHEVROLET,MALIBU,LT,2018,10,126,CHEVROLET_MALIBU_LT_2018
TOYOTA,COROLLA,XLE,2021,12,385,TOYOTA_COROLLA_XLE_2021
ACURA,INTEGRA,A-Spec,2020,5,393,ACURA_INTEGRA_A-Spec_2020
TOYOTA,COROLLA,SE,2021,8,190,TOYOTA_COROLLA_SE_2021
ACURA,ADX,Advance,2018,7,355,ACURA_ADX_Advance_2018
TOYOTA,RAV4,LE,2018,12,225,TOYOTA_RAV4_LE_2018
HONDA,HR-V,Touring,2019,6,398,HONDA_HR-V_Touring_2019
TOYOTA,RAV4,XLE,2021,5,226,TOYOTA_RAV4_XLE_2021
ACURA,ADX,Advance,2022,12,237,ACURA_ADX_Advance_2022
TOYOTA,COROLLA,LE,2023,9,146,TOYOTA_COROLLA_LE_2023
CHEVROLET,MALIBU,Premier,2019,11,283,CHEVROLET_MALIBU_Premier_2019
TOYOTA,COROLLA,SE,2020,2,140,TOYOTA_COROLLA_SE_2020
FORD,explorer,Unknown Version,2020,2,495,FORD_explorer_Unknown Version_2020
FORD,explorer,Unknown Version,2022,12,460,FORD_explorer_Unknown Version_2022
CHEVROLET,ONIX,LS,2021,8,121,CHEVROLET_ONIX_LS_2021
HONDA,CIVIC,EX,2019,2,436,HONDA_CIVIC_EX_2019
CHEVROLET,ONIX,LT,2022,11,77,CHEVROLET_ONIX_LT_2022
FORD,ECOSPORT,SE,2020,9,146,FORD_ECOSPORT_SE_2020
ACURA,ADX,Advance,2022,9,344,ACURA_ADX_Advance_2022
TOYOTA,RAV4,XLE,2021,7,464,TOYOTA_RAV4_XLE_2021
FIAT,STRADA,Trekking,2019,9,210,FIAT_STRADA_Trekking_2019
FORD,ECOSPORT,S,2020,1,350,FORD_ECOSPORT_S_2020
ACURA,INTEGRA,Type S,2018,2,352,ACURA_INTEGRA_Type S_2018
TOYOTA,COROLLA,SE,2023,7,403,TOYOTA_COROLLA_SE_2023
HONDA,CR-V,EX-L,2018,2,180,HONDA_CR-V_EX-L_2018
FORD,explorer,Unknown Version,2023,10,374,FORD_explorer_Unknown Version_2023
TOYOTA,CAMRY,LE,2023,9,193,TOYOTA_CAMRY_LE_2023
FIAT,STRADA,Working,2020,5,253,FIAT_STRADA_Working_2020
FORD,MAVERICK,Lariat,2018,6,142,FORD_MAVERICK_Lariat_2018
FIAT,PULSE,Audace,2020,11,331,FIAT_PULSE_Audace_2020
FIAT,STRADA,Trekking,2023,7,359,FIAT_STRADA_Trekking_2023
ACURA,INTEGRA,Type S,2022,10,381,ACURA_INTEGRA_Type S_2022
CHEVROLET,MALIBU,Premier,2018,6,390,CHEVROLET_MALIBU_Premier_2018
FIAT,PULSE,Audace,2020,5,300,FIAT_PULSE_Audace_2020
HONDA,HR-V,EX,2021,5,101,HONDA_HR-V_EX_2021
FIAT,STRADA,Working,2022,3,140,FIAT_STRADA_Working_2022
FIAT,PULSE,Impetus,2021,1,277,FIAT_PULSE_Impetus_2021
ACURA,INTEGRA,Tech,2018,11,178,ACURA_INTEGRA_Tech_2018
TOYOTA,RAV4,LE,2019,12,21,TOYOTA_RAV4_LE_2019
TOYOTA,CAMRY,LE,2019,6,180,TOYOTA_CAMRY_LE_2019
TOYOTA,RAV4,Limited,2021,12,437,TOYOTA_RAV4_Limited_2021
TOYOTA,CAMRY,XLE,2022,2,333,TOYOTA_CAMRY_XLE_2022
ACURA,INTEGRA,Tech,2020,2,48,ACURA_INTEGRA_Tech_2020
FIAT,PULSE,Impetus,2020,3,447,FIAT_PULSE_Impetus_2020
HONDA,HR-V,Touring,2019,10,358,HONDA_HR-V_Touring_2019
CHEVROLET,MALIBU,Premier,2020,10,490,CHEVROLET_MALIBU_Premier_2020
ACURA,INTEGRA,Tech,2021,3,445,ACURA_INTEGRA_Tech_2021
TOYOTA,COROLLA,LE,2020,5,336,TOYOTA_COROLLA_LE_2020
FORD,MAVERICK,XLT,2020,7,126,FORD_MAVERICK_XLT_2020
TOYOTA,CAMRY,SE,2022,7,271,TOYOTA_CAMRY_SE_2022
FIAT,PULSE,Impetus,2022,3,472,FIAT_PULSE_Impetus_2022
CHEVROLET,MALIBU,Premier,2019,9,311,CHEVROLET_MALIBU_Premier_2019
CHEVROLET,MALIBU,LT,2020,2,420,CHEVROLET_MALIBU_LT_2020
CHEVROLET,ONIX,LTZ,2021,8,200,CHEVROLET_ONIX_LTZ_2021
FORD,explorer,Unknown Version,2023,7,265,FORD_explorer_Unknown Version_2023
TOYOTA,CAMRY,LE,2019,9,402,TOYOTA_CAMRY_LE_2019
FIAT,STRADA,Working,2021,5,413,FIAT_STRADA_Working_2021
CHEVROLET,MALIBU,LT,2021,2,86,CHEVROLET_MALIBU_LT_2021
FORD,MAVERICK,XLT,2020,3,43,FORD_MAVERICK_XLT_2020
TOYOTA,RAV4,LE,2019,6,390,TOYOTA_RAV4_LE_2019
ACURA,ADX,A-Spec,2018,10,134,ACURA_ADX_A-Spec_2018
CHEVROLET,TRACKER,Base,2018,2,115,CHEVROLET_TRACKER_Base_2018
TOYOTA,CAMRY,SE,2021,7,438,TOYOTA_CAMRY_SE_2021
FORD,explorer,Unknown Version,2021,3,380,FORD_explorer_Unknown Version_2021
FORD,MAVERICK,Lariat,2018,9,395,FORD_MAVERICK_Lariat_2018
TOYOTA,CAMRY,LE,2020,10,408,TOYOTA_CAMRY_LE_2020
HONDA,HR-V,EX,2021,4,120,HONDA_HR-V_EX_2021
CHEVROLET,ONIX,LT,2022,5,269,CHEVROLET_ONIX_LT_2022
ACURA,MDX,Type S,2022,10,344,ACURA_MDX_Type S_2022
HONDA,HR-V,LX,2023,12,191,HONDA_HR-V_LX_2023
TOYOTA,RAV4,XLE,2023,6,69,TOYOTA_RAV4_XLE_2023
FORD,explorer,Unknown Version,2023,11,260,FORD_explorer_Unknown Version_2023
HONDA,HR-V,Touring,2022,11,257,HONDA_HR-V_Touring_2022
CHEVROLET,ONIX,LTZ,2020,11,462,CHEVROLET_ONIX_LTZ_2020
ACURA,ADX,Advance,2022,10,277,ACURA_ADX_Advance_2022
FIAT,STRADA,Trekking,2021,1,227,FIAT_STRADA_Trekking_2021
TOYOTA,RAV4,XLE,2018,3,33,TOYOTA_RAV4_XLE_2018
FIAT,STRADA,Trekking,2023,6,270,FIAT_STRADA_Trekking_2023
HONDA,CR-V,EX-L,2020,11,497,HONDA_CR-V_EX-L_2020
TOYOTA,RAV4,Limited,2018,12,178,TOYOTA_RAV4_Limited_2018
ACURA,MDX,Type S,2019,11,285,ACURA_MDX_Type S_2019
FORD,explorer,Unknown Version,2023,4,412,FORD_explorer_Unknown Version_2023
TOYOTA,COROLLA,XLE,2021,6,34,TOYOTA_COROLLA_XLE_2021
ACURA,MDX,Type S,2020,10,102,ACURA_MDX_Type S_2020
ACURA,INTEGRA,Tech,2023,1,49,ACURA_INTEGRA_Tech_2023
FIAT,STRADA,Working,2019,7,36,FIAT_STRADA_Working_2019
FIAT,PULSE,Impetus,2022,4,349,FIAT_PULSE_Impetus_2022
CHEVROLET,MALIBU,LT,2018,2,241,CHEVROLET_MALIBU_LT_2018
TOYOTA,COROLLA,XLE,2019,3,427,TOYOTA_COROLLA_XLE_2019
ACURA,MDX,Type S,2022,12,13,ACURA_MDX_Type S_2022
ACURA,ADX,A-Spec,2020,10,10,ACURA_ADX_A-Spec_2020
FIAT,PULSE,Drive Plus CVT,2018,6,59,FIAT_PULSE_Drive Plus CVT_2018
TOYOTA,RAV4,XLE,2018,2,14,TOYOTA_RAV4_XLE_2018
ACURA,ADX,A-Spec,2018,10,233,ACURA_ADX_A-Spec_2018
CHEVROLET,TRACKER,Base,2022,5,278,CHEVROLET_TRACKER_Base_2022
TOYOTA,CAMRY,SE,2020,11,139,TOYOTA_CAMRY_SE_2020
ACURA,INTEGRA,A-Spec,2023,10,407,ACURA_INTEGRA_A-Spec_2023
CHEVROLET,TRACKER,RS,2023,6,471,CHEVROLET_TRACKER_RS_2023
TOYOTA,CAMRY,LE,2020,3,280,TOYOTA_CAMRY_LE_2020
FIAT,STRADA,Trekking,2020,11,495,FIAT_STRADA_Trekking_2020
ACURA,INTEGRA,Tech,2020,4,136,ACURA_INTEGRA_Tech_2020
TOYOTA,CAMRY,SE,2022,11,26,TOYOTA_CAMRY_SE_2022
ACURA,MDX,Type S,2021,9,301,ACURA_MDX_Type S_2021
FORD,ECOSPORT,Titanium,2019,9,376,FORD_ECOSPORT_Titanium_2019
CHEVROLET,TRACKER,Base,2020,7,344,CHEVROLET_TRACKER_Base_2020
HONDA,HR-V,Touring,2022,2,37,HONDA_HR-V_Touring_2022
FORD,explorer,Unknown Version,2023,6,451,FORD_explorer_Unknown Version_2023
FIAT,PULSE,Drive MT,2019,9,324,FIAT_PULSE_Drive MT_2019
HONDA,HR-V,Touring,2023,12,320,HONDA_HR-V_Touring_2023
TOYOTA,COROLLA,LE,2023,10,326,TOYOTA_COROLLA_LE_2023
TOYOTA,RAV4,Limited,2019,5,29,TOYOTA_RAV4_Limited_2019
TOYOTA,RAV4,LE,2023,10,364,TOYOTA_RAV4_LE_2023
ACURA,INTEGRA,Tech,2019,4,444,ACURA_INTEGRA_Tech_2019
CHEVROLET,ONIX,LTZ,2018,2,386,CHEVROLET_ONIX_LTZ_2018
FORD,MAVERICK,XLT,2018,10,91,FORD_MAVERICK_XLT_2018
TOYOTA,CAMRY,XLE,2021,7,50,TOYOTA_CAMRY_XLE_2021
FIAT,PULSE,Drive Plus CVT,2023,6,149,FIAT_PULSE_Drive Plus CVT_2023
HONDA,HR-V,Touring,2018,11,179,HONDA_HR-V_Touring_2018
TOYOTA,CAMRY,SE,2018,7,446,TOYOTA_CAMRY_SE_2018
ACURA,MDX,Type S,2019,8,383,ACURA_MDX_Type S_2019
ACURA,ADX,Advance,2022,11,75,ACURA_ADX_Advance_2022
TOYOTA,RAV4,LE,2018,2,319,TOYOTA_RAV4_LE_2018
CHEVROLET,ONIX,LTZ,2020,10,113,CHEVROLET_ONIX_LTZ_2020
TOYOTA,CAMRY,XLE,2020,9,490,TOYOTA_CAMRY_XLE_2020
TOYOTA,COROLLA,XLE,2022,7,399,TOYOTA_COROLLA_XLE_2022
HONDA,CIVIC,Touring,2018,1,11,HONDA_CIVIC_Touring_2018
FORD,MAVERICK,Lariat,2020,3,471,FORD_MAVERICK_Lariat_2020
CHEVROLET,MALIBU,LT,2020,9,95,CHEVROLET_MALIBU_LT_2020
CHEVROLET,ONIX,LT,2023,12,346,CHEVROLET_ONIX_LT_2023
FIAT,STRADA,Trekking,2020,7,71,FIAT_STRADA_Trekking_2020
HONDA,CIVIC,EX,2022,1,189,HONDA_CIVIC_EX_2022
CHEVROLET,ONIX,LS,2018,3,117,CHEVROLET_ONIX_LS_2018
FIAT,PULSE,Audace,2023,11,397,FIAT_PULSE_Audace_2023
FIAT,PULSE,Drive Plus CVT,2018,10,464,FIAT_PULSE_Drive Plus CVT_2018
CHEVROLET,MALIBU,Premier,2021,10,64,CHEVROLET_MALIBU_Premier_2021
FIAT,PULSE,Audace,2018,6,344,FIAT_PULSE_Audace_2018
FIAT,PULSE,Drive MT,2019,3,275,FIAT_PULSE_Drive MT_2019
FIAT,PULSE,Drive Plus CVT,2021,10,19,FIAT_PULSE_Drive Plus CVT_2021
CHEVROLET,ONIX,LT,2020,8,286,CHEVROLET_ONIX_LT_2020
TOYOTA,CAMRY,SE,2021,6,129,TOYOTA_CAMRY_SE_2021
TOYOTA,RAV4,XLE,2022,10,74,TOYOTA_RAV4_XLE_2022
ACURA,ADX,Advance,2022,3,121,ACURA_ADX_Advance_2022
HONDA,CIVIC,EX,2018,6,44,HONDA_CIVIC_EX_2018
FORD,explorer,Unknown Version,2019,5,29,FORD_explorer_Unknown Version_2019
FORD,MAVERICK,XLT,2023,9,271,FORD_MAVERICK_XLT_2023
FIAT,PULSE,Drive Plus CVT,2023,11,448,FIAT_PULSE_Drive Plus CVT_2023
ACURA,INTEGRA,Type S,2022,7,496,ACURA_INTEGRA_Type S_2022
FORD,explorer,Unknown Version,2019,4,225,FORD_explorer_Unknown Version_2019
ACURA,INTEGRA,Tech,2023,10,19,ACURA_INTEGRA_Tech_2023
HONDA,CR-V,LX,2019,8,424,HONDA_CR-V_LX_2019
FIAT,STRADA,Working,2019,4,105,FIAT_STRADA_Working_2019
HONDA,HR-V,Touring,2019,2,218,HONDA_HR-V_Touring_2019
ACURA,MDX,Advance,2020,4,113,ACURA_MDX_Advance_2020
FORD,explorer,Unknown Version,2020,2,465,FORD_explorer_Unknown Version_2020
HONDA,HR-V,Touring,2022,2,146,HONDA_HR-V_Touring_2022
CHEVROLET,TRACKER,LT,2018,2,110,CHEVROLET_TRACKER_LT_2018
CHEVROLET,ONIX,LT,2018,2,212,CHEVROLET_ONIX_LT_2018
ACURA,ADX,A-Spec,2018,9,265,ACURA_ADX_A-Spec_2018
FIAT,PULSE,Drive Plus CVT,2021,4,55,FIAT_PULSE_Drive Plus CVT_2021
CHEVROLET,MALIBU,Premier,2020,7,62,CHEVROLET_MALIBU_Premier_2020
FIAT,PULSE,Drive Plus CVT,2021,6,125,FIAT_PULSE_Drive Plus CVT_2021
FIAT,PULSE,Impetus,2021,10,462,FIAT_PULSE_Impetus_2021
HONDA,HR-V,Touring,2023,9,299,HONDA_HR-V_Touring_2023
HONDA,CR-V,Touring,2023,11,373,HONDA_CR-V_Touring_2023
ACURA,ADX,A-Spec,2019,11,196,ACURA_ADX_A-Spec_2019
FORD,ECOSPORT,SE,2019,5,336,FORD_ECOSPORT_SE_2019
FORD,MAVERICK,XLT,2019,3,47,FORD_MAVERICK_XLT_2019
HONDA,HR-V,EX,2018,2,124,HONDA_HR-V_EX_2018
CHEVROLET,MALIBU,Premier,2020,12,223,CHEVROLET_MALIBU_Premier_2020
FORD,explorer,Unknown Version,2020,3,356,FORD_explorer_Unknown Version_2020
TOYOTA,COROLLA,SE,2022,1,224,TOYOTA_COROLLA_SE_2022
ACURA,ADX,A-Spec,2021,3,468,ACURA_ADX_A-Spec_2021
ACURA,MDX,Type S,2018,12,152,ACURA_MDX_Type S_2018
ACURA,MDX,Advance,2020,12,92,ACURA_MDX_Advance_2020
FORD,explorer,Unknown Version,2020,8,72,FORD_explorer_Unknown Version_2020
FORD,explorer,Unknown Version,2021,1,346,FORD_explorer_Unknown Version_2021
FORD,ECOSPORT,S,2021,2,436,FORD_ECOSPORT_S_2021
CHEVROLET,ONIX,LT,2021,11,46,CHEVROLET_ONIX_LT_2021
FIAT,PULSE,Drive Plus CVT,2023,2,279,FIAT_PULSE_Drive Plus CVT_2023
CHEVROLET,MALIBU,Premier,2019,7,325,CHEVROLET_MALIBU_Premier_2019
CHEVROLET,TRACKER,RS,2023,10,111,CHEVROLET_TRACKER_RS_2023
HONDA,CIVIC,EX,2020,6,292,HONDA_CIVIC_EX_2020
FIAT,STRADA,Working,2023,6,474,FIAT_STRADA_Working_2023
ACURA,INTEGRA,A-Spec,2023,8,48,ACURA_INTEGRA_A-Spec_2023
FIAT,PULSE,Impetus,2020,10,88,FIAT_PULSE_Impetus_2020
FIAT,STRADA,Working,2019,11,378,FIAT_STRADA_Working_2019
FORD,ECOSPORT,SE,2018,8,466,FORD_ECOSPORT_SE_2018
CHEVROLET,MALIBU,Premier,2023,9,159,CHEVROLET_MALIBU_Premier_2023
TOYOTA,CAMRY,SE,2019,9,393,TOYOTA_CAMRY_SE_2019
CHEVROLET,MALIBU,Premier,2022,5,130,CHEVROLET_MALIBU_Premier_2022
FORD,MAVERICK,XLT,2019,4,12,FORD_MAVERICK_XLT_2019
HONDA,HR-V,Touring,2021,11,371,HONDA_HR-V_Touring_2021
FORD,ECOSPORT,Titanium,2021,11,279,FORD_ECOSPORT_Titanium_2021
ACURA,ADX,Advance,2021,6,391,ACURA_ADX_Advance_2021
HONDA,CIVIC,EX,2021,3,455,HONDA_CIVIC_EX_2021
FORD,ECOSPORT,S,2022,2,481,FORD_ECOSPORT_S_2022
CHEVROLET,ONIX,LS,2023,11,369,CHEVROLET_ONIX_LS_2023
TOYOTA,COROLLA,XLE,2018,5,458,TOYOTA_COROLLA_XLE_2018
FIAT,STRADA,Trekking,2021,10,284,FIAT_STRADA_Trekking_2021
CHEVROLET,TRACKER,Base,2021,5,418,CHEVROLET_TRACKER_Base_2021
FIAT,PULSE,Audace,2019,9,446,FIAT_PULSE_Audace_2019
FORD,ECOSPORT,SE,2023,2,295,FORD_ECOSPORT_SE_2023
ACURA,INTEGRA,A-Spec,2022,1,409,ACURA_INTEGRA_A-Spec_2022
FORD,MAVERICK,XLT,2022,11,374,FORD_MAVERICK_XLT_2022
ACURA,MDX,Advance,2023,1,455,ACURA_MDX_Advance_2023
TOYOTA,CAMRY,LE,2021,3,48,TOYOTA_CAMRY_LE_2021
ACURA,MDX,Type S,2020,4,295,ACURA_MDX_Type S_2020
CHEVROLET,ONIX,LT,2019,8,389,CHEVROLET_ONIX_LT_2019
TOYOTA,CAMRY,LE,2019,11,350,TOYOTA_CAMRY_LE_2019
HONDA,CR-V,Touring,2022,12,37,HONDA_CR-V_Touring_2022
HONDA,CR-V,EX-L,2018,12,436,HONDA_CR-V_EX-L_2018
TOYOTA,COROLLA,XLE,2020,11,102,TOYOTA_COROLLA_XLE_2020
FIAT,PULSE,Drive Plus CVT,2020,11,55,FIAT_PULSE_Drive Plus CVT_2020
CHEVROLET,MALIBU,LT,2018,8,210,CHEVROLET_MALIBU_LT_2018
FORD,MAVERICK,XLT,2020,12,113,FORD_MAVERICK_XLT_2020
TOYOTA,CAMRY,SE,2023,6,83,TOYOTA_CAMRY_SE_2023
TOYOTA,RAV4,LE,2022,3,352,TOYOTA_RAV4_LE_2022
FORD,ECOSPORT,Titanium,2023,6,68,FORD_ECOSPORT_Titanium_2023
HONDA,CIVIC,LX,2020,7,260,HONDA_CIVIC_LX_2020
CHEVROLET,TRACKER,Base,2023,3,149,CHEVROLET_TRACKER_Base_2023
ACURA,MDX,Advance,2022,10,495,ACURA_MDX_Advance_2022
FORD,explorer,Unknown Version,2019,8,468,FORD_explorer_Unknown Version_2019
FIAT,STRADA,Working,2019,7,281,FIAT_STRADA_Working_2019
FORD,MAVERICK,XLT,2021,6,207,FORD_MAVERICK_XLT_2021
HONDA,CIVIC,Touring,2023,2,289,HONDA_CIVIC_Touring_2023
TOYOTA,COROLLA,XLE,2021,7,290,TOYOTA_COROLLA_XLE_2021
HONDA,CIVIC,LX,2019,10,248,HONDA_CIVIC_LX_2019
CHEVROLET,ONIX,LTZ,2021,2,11,CHEVROLET_ONIX_LTZ_2021
HONDA,CIVIC,EX,2022,1,470,HONDA_CIVIC_EX_2022
FIAT,STRADA,Working,2023,5,407,FIAT_STRADA_Working_2023
HONDA,CR-V,Touring,2020,6,64,HONDA_CR-V_Touring_2020
HONDA,HR-V,EX,2023,6,28,HONDA_HR-V_EX_2023
FIAT,PULSE,Drive MT,2019,10,86,FIAT_PULSE_Drive MT_2019
FIAT,PULSE,Drive Plus CVT,2021,8,321,FIAT_PULSE_Drive Plus CVT_2021
FIAT,STRADA,Trekking,2021,5,430,FIAT_STRADA_Trekking_2021
CHEVROLET,ONIX,LS,2018,3,429,CHEVROLET_ONIX_LS_2018
TOYOTA,CAMRY,SE,2023,10,214,TOYOTA_CAMRY_SE_2023
TOYOTA,CAMRY,SE,2018,11,348,TOYOTA_CAMRY_SE_2018
HONDA,CR-V,Touring,2022,11,179,HONDA_CR-V_Touring_2022
ACURA,MDX,Type S,2020,7,216,ACURA_MDX_Type S_2020
ACURA,ADX,Advance,2021,6,494,ACURA_ADX_Advance_2021
TOYOTA,COROLLA,LE,2021,12,239,TOYOTA_COROLLA_LE_2021
CHEVROLET,TRACKER,LT,2019,4,296,CHEVROLET_TRACKER_LT_2019
HONDA,HR-V,LX,2022,3,156,HONDA_HR-V_LX_2022
FIAT,PULSE,Drive MT,2018,10,197,FIAT_PULSE_Drive MT_2018
HONDA,CR-V,LX,2018,7,440,HONDA_CR-V_LX_2018
TOYOTA,RAV4,XLE,2023,10,291,TOYOTA_RAV4_XLE_2023
FORD,MAVERICK,XLT,2018,6,211,FORD_MAVERICK_XLT_2018
CHEVROLET,MALIBU,LT,2019,2,378,CHEVROLET_MALIBU_LT_2019
FORD,ECOSPORT,SE,2020,2,79,FORD_ECOSPORT_SE_2020
CHEVROLET,ONIX,LS,2021,11,79,CHEVROLET_ONIX_LS_2021
FORD,explorer,Unknown Version,2021,3,77,FORD_explorer_Unknown Version_2021
FIAT,PULSE,Drive Plus CVT,2023,10,280,FIAT_PULSE_Drive Plus CVT_2023
TOYOTA,RAV4,XLE,2020,9,149,TOYOTA_RAV4_XLE_2020
CHEVROLET,MALIBU,Premier,2022,2,300,CHEVROLET_MALIBU_Premier_2022
ACURA,ADX,A-Spec,2021,12,315,ACURA_ADX_A-Spec_2021
ACURA,INTEGRA,Tech,2018,2,113,ACURA_INTEGRA_Tech_2018
HONDA,CIVIC,EX,2021,12,106,HONDA_CIVIC_EX_2021
TOYOTA,RAV4,Limited,2018,8,228,TOYOTA_RAV4_Limited_2018
TOYOTA,COROLLA,LE,2021,12,340,TOYOTA_COROLLA_LE_2021
CHEVROLET,ONIX,LT,2018,2,344,CHEVROLET_ONIX_LT_2018
FORD,explorer,Unknown Version,2022,10,432,FORD_explorer_Unknown Version_2022
FORD,explorer,Unknown Version,2019,9,352,FORD_explorer_Unknown Version_2019
CHEVROLET,MALIBU,Premier,2022,1,283,CHEVROLET_MALIBU_Premier_2022
FIAT,STRADA,Working,2020,8,273,FIAT_STRADA_Working_2020
FIAT,PULSE,Drive Plus CVT,2020,1,228,FIAT_PULSE_Drive Plus CVT_2020
TOYOTA,RAV4,Limited,2022,12,111,TOYOTA_RAV4_Limited_2022
CHEVROLET,ONIX,LTZ,2020,4,292,CHEVROLET_ONIX_LTZ_2020
FIAT,STRADA,Trekking,2019,1,321,FIAT_STRADA_Trekking_2019
CHEVROLET,TRACKER,Base,2023,11,16,CHEVROLET_TRACKER_Base_2023
TOYOTA,CAMRY,SE,2020,12,171,TOYOTA_CAMRY_SE_2020
TOYOTA,COROLLA,LE,2020,10,155,TOYOTA_COROLLA_LE_2020
FORD,explorer,Unknown Version,2022,10,412,FORD_explorer_Unknown Version_2022
TOYOTA,RAV4,Limited,2020,9,57,TOYOTA_RAV4_Limited_2020
TOYOTA,COROLLA,XLE,2020,2,88,TOYOTA_COROLLA_XLE_2020
TOYOTA,CAMRY,XLE,2021,10,37,TOYOTA_CAMRY_XLE_2021
CHEVROLET,MALIBU,Premier,2023,7,160,CHEVROLET_MALIBU_Premier_2023
TOYOTA,COROLLA,SE,2020,2,126,TOYOTA_COROLLA_SE_2020
TOYOTA,CAMRY,XLE,2021,1,117,TOYOTA_CAMRY_XLE_2021
HONDA,HR-V,EX,2019,6,211,HONDA_HR-V_EX_2019
HONDA,HR-V,EX,2018,9,246,HONDA_HR-V_EX_2018
CHEVROLET,ONIX,LS,2023,7,434,CHEVROLET_ONIX_LS_2023
FORD,explorer,Unknown Version,2021,10,12,FORD_explorer_Unknown Version_2021
ACURA,INTEGRA,Tech,2018,1,393,ACURA_INTEGRA_Tech_2018
HONDA,HR-V,EX,2023,2,202,HONDA_HR-V_EX_2023
FORD,MAVERICK,Lariat,2023,10,147,FORD_MAVERICK_Lariat_2023
FIAT,STRADA,Working,2023,1,448,FIAT_STRADA_Working_2023
TOYOTA,RAV4,Limited,2023,2,96,TOYOTA_RAV4_Limited_2023
TOYOTA,CAMRY,LE,2022,6,269,TOYOTA_CAMRY_LE_2022
TOYOTA,CAMRY,XLE,2018,3,364,TOYOTA_CAMRY_XLE_2018
FIAT,PULSE,Audace,2023,11,63,FIAT_PULSE_Audace_2023
CHEVROLET,ONIX,LT,2022,6,393,CHEVROLET_ONIX_LT_2022
CHEVROLET,TRACKER,Base,2023,10,85,CHEVROLET_TRACKER_Base_2023
HONDA,CR-V,LX,2020,11,281,HONDA_CR-V_LX_2020
FORD,explorer,Unknown Version,2022,1,15,FORD_explorer_Unknown Version_2022
HONDA,CIVIC,EX,2018,11,192,HONDA_CIVIC_EX_2018
TOYOTA,RAV4,XLE,2019,8,34,TOYOTA_RAV4_XLE_2019
TOYOTA,COROLLA,SE,2018,9,410,TOYOTA_COROLLA_SE_2018
FORD,ECOSPORT,S,2022,10,173,FORD_ECOSPORT_S_2022
ACURA,INTEGRA,Type S,2023,3,429,ACURA_INTEGRA_Type S_2023
ACURA,ADX,Advance,2020,11,255,ACURA_ADX_Advance_2020
FIAT,STRADA,Working,2021,2,161,FIAT_STRADA_Working_2021
FORD,explorer,Unknown Version,2019,4,26,FORD_explorer_Unknown Version_2019
ACURA,ADX,Advance,2022,9,84,ACURA_ADX_Advance_2022
FIAT,STRADA,Trekking,2022,6,394,FIAT_STRADA_Trekking_2022
FORD,MAVERICK,Lariat,2020,9,379,FORD_MAVERICK_Lariat_2020
FORD,explorer,Unknown Version,2021,12,388,FORD_explorer_Unknown Version_2021
CHEVROLET,ONIX,LT,2022,8,35,CHEVROLET_ONIX_LT_2022
CHEVROLET,ONIX,LS,2018,3,423,CHEVROLET_ONIX_LS_2018
TOYOTA,CAMRY,SE,2021,12,228,TOYOTA_CAMRY_SE_2021
CHEVROLET,MALIBU,LT,2023,11,220,CHEVROLET_MALIBU_LT_2023
CHEVROLET,TRACKER,Base,2021,8,274,CHEVROLET_TRACKER_Base_2021
CHEVROLET,ONIX,LS,2020,3,75,CHEVROLET_ONIX_LS_2020
HONDA,CR-V,Touring,2021,4,312,HONDA_CR-V_Touring_2021
HONDA,CR-V,EX-L,2022,4,163,HONDA_CR-V_EX-L_2022
TOYOTA,COROLLA,LE,2023,8,137,TOYOTA_COROLLA_LE_2023
TOYOTA,COROLLA,LE,2023,7,462,TOYOTA_COROLLA_LE_2023
HONDA,HR-V,LX,2019,9,216,HONDA_HR-V_LX_2019
CHEVROLET,ONIX,LS,2020,12,79,CHEVROLET_ONIX_LS_2020
ACURA,INTEGRA,Type S,2018,2,489,ACURA_INTEGRA_Type S_2018
TOYOTA,RAV4,XLE,2020,3,51,TOYOTA_RAV4_XLE_2020
ACURA,MDX,Advance,2018,3,233,ACURA_MDX_Advance_2018
CHEVROLET,MALIBU,LT,2019,1,456,CHEVROLET_MALIBU_LT_2019
TOYOTA,CAMRY,XLE,2020,11,294,TOYOTA_CAMRY_XLE_2020
FORD,explorer,Unknown Version,2019,6,384,FORD_explorer_Unknown Version_2019
ACURA,MDX,Advance,2021,2,332,ACURA_MDX_Advance_2021
CHEVROLET,TRACKER,Base,2020,3,362,CHEVROLET_TRACKER_Base_2020
ACURA,INTEGRA,Tech,2019,7,433,ACURA_INTEGRA_Tech_2019
FORD,explorer,Unknown Version,2019,10,349,FORD_explorer_Unknown Version_2019
HONDA,CR-V,Touring,2019,12,173,HONDA_CR-V_Touring_2019
TOYOTA,CAMRY,SE,2020,3,75,TOYOTA_CAMRY_SE_2020
FORD,MAVERICK,Lariat,2021,11,266,FORD_MAVERICK_Lariat_2021
CHEVROLET,ONIX,LTZ,2018,2,466,CHEVROLET_ONIX_LTZ_2018
FIAT,STRADA,Working,2021,3,119,FIAT_STRADA_Working_2021
CHEVROLET,ONIX,LS,2020,10,437,CHEVROLET_ONIX_LS_2020
HONDA,CIVIC,Touring,2022,4,350,HONDA_CIVIC_Touring_2022
ACURA,INTEGRA,Tech,2023,11,188,ACURA_INTEGRA_Tech_2023
TOYOTA,COROLLA,SE,2022,11,438,TOYOTA_COROLLA_SE_2022
FORD,ECOSPORT,SE,2019,11,214,FORD_ECOSPORT_SE_2019
ACURA,INTEGRA,A-Spec,2022,1,225,ACURA_INTEGRA_A-Spec_2022
TOYOTA,RAV4,Limited,2020,12,476,TOYOTA_RAV4_Limited_2020
FORD,explorer,Unknown Version,2022,9,375,FORD_explorer_Unknown Version_2022
HONDA,CIVIC,Touring,2018,12,283,HONDA_CIVIC_Touring_2018
TOYOTA,CAMRY,XLE,2020,5,169,TOYOTA_CAMRY_XLE_2020
FORD,MAVERICK,Lariat,2018,10,205,FORD_MAVERICK_Lariat_2018
FORD,explorer,Unknown Version,2018,11,30,FORD_explorer_Unknown Version_2018
CHEVROLET,MALIBU,LT,2022,1,53,CHEVROLET_MALIBU_LT_2022
HONDA,CIVIC,EX,2019,1,177,HONDA_CIVIC_EX_2019
HONDA,HR-V,Touring,2019,12,425,HONDA_HR-V_Touring_2019
CHEVROLET,TRACKER,LT,2020,12,107,CHEVROLET_TRACKER_LT_2020
FORD,explorer,Unknown Version,2020,6,100,FORD_explorer_Unknown Version_2020
HONDA,HR-V,LX,2021,5,473,HONDA_HR-V_LX_2021
ACURA,MDX,Type S,2021,3,192,ACURA_MDX_Type S_2021
FIAT,PULSE,Drive Plus CVT,2023,5,170,FIAT_PULSE_Drive Plus CVT_2023
CHEVROLET,MALIBU,Premier,2018,11,377,CHEVROLET_MALIBU_Premier_2018
ACURA,INTEGRA,Type S,2020,11,27,ACURA_INTEGRA_Type S_2020
ACURA,INTEGRA,Type S,2022,3,375,ACURA_INTEGRA_Type S_2022
FORD,explorer,Unknown Version,2018,4,214,FORD_explorer_Unknown Version_2018
HONDA,HR-V,LX,2019,9,290,HONDA_HR-V_LX_2019
ACURA,ADX,Advance,2018,1,243,ACURA_ADX_Advance_2018
TOYOTA,RAV4,LE,2022,6,60,TOYOTA_RAV4_LE_2022
TOYOTA,CAMRY,LE,2023,10,127,TOYOTA_CAMRY_LE_2023
TOYOTA,COROLLA,LE,2023,4,229,TOYOTA_COROLLA_LE_2023
ACURA,ADX,A-Spec,2019,8,142,ACURA_ADX_A-Spec_2019
ACURA,ADX,A-Spec,2022,2,375,ACURA_ADX_A-Spec_2022
FIAT,PULSE,Impetus,2022,2,161,FIAT_PULSE_Impetus_2022
CHEVROLET,TRACKER,LT,2023,12,481,CHEVROLET_TRACKER_LT_2023
FIAT,PULSE,Impetus,2020,3,303,FIAT_PULSE_Impetus_2020
TOYOTA,COROLLA,XLE,2018,3,494,TOYOTA_COROLLA_XLE_2018
FIAT,STRADA,Working,2019,7,114,FIAT_STRADA_Working_2019
FIAT,STRADA,Working,2022,11,19,FIAT_STRADA_Working_2022
FIAT,PULSE,Audace,2021,7,75,FIAT_PULSE_Audace_2021
FIAT,STRADA,Trekking,2018,6,477,FIAT_STRADA_Trekking_2018
ACURA,MDX,Type S,2022,11,288,ACURA_MDX_Type S_2022
ACURA,MDX,Type S,2020,7,499,ACURA_MDX_Type S_2020
ACURA,ADX,A-Spec,2022,3,164,ACURA_ADX_A-Spec_2022
FORD,MAVERICK,XLT,2023,11,301,FORD_MAVERICK_XLT_2023
ACURA,MDX,Advance,2018,9,373,ACURA_MDX_Advance_2018
TOYOTA,CAMRY,LE,2020,9,495,TOYOTA_CAMRY_LE_2020
HONDA,CR-V,Touring,2023,9,306,HONDA_CR-V_Touring_2023
TOYOTA,COROLLA,SE,2020,1,348,TOYOTA_COROLLA_SE_2020
FIAT,PULSE,Impetus,2022,7,346,FIAT_PULSE_Impetus_2022
FORD,ECOSPORT,SE,2022,11,13,FORD_ECOSPORT_SE_2022
ACURA,MDX,Type S,2018,7,23,ACURA_MDX_Type S_2018
FIAT,STRADA,Trekking,2023,2,190,FIAT_STRADA_Trekking_2023
FORD,explorer,Unknown Version,2022,11,334,FORD_explorer_Unknown Version_2022
FORD,explorer,Unknown Version,2021,8,295,FORD_explorer_Unknown Version_2021
HONDA,CR-V,EX-L,2021,1,282,HONDA_CR-V_EX-L_2021
CHEVROLET,MALIBU,LT,2020,8,168,CHEVROLET_MALIBU_LT_2020
FORD,ECOSPORT,SE,2019,2,250,FORD_ECOSPORT_SE_2019
HONDA,CIVIC,EX,2023,7,378,HONDA_CIVIC_EX_2023
HONDA,HR-V,EX,2023,2,30,HONDA_HR-V_EX_2023
FIAT,PULSE,Impetus,2019,4,187,FIAT_PULSE_Impetus_2019
TOYOTA,RAV4,LE,2022,12,417,TOYOTA_RAV4_LE_2022
FIAT,STRADA,Trekking,2018,2,460,FIAT_STRADA_Trekking_2018
CHEVROLET,ONIX,LT,2020,4,214,CHEVROLET_ONIX_LT_2020
ACURA,INTEGRA,Type S,2019,2,352,ACURA_INTEGRA_Type S_2019
FIAT,PULSE,Drive MT,2021,11,204,FIAT_PULSE_Drive MT_2021
TOYOTA,COROLLA,SE,2020,9,238,TOYOTA_COROLLA_SE_2020
TOYOTA,COROLLA,SE,2023,3,496,TOYOTA_COROLLA_SE_2023
HONDA,HR-V,Touring,2023,5,117,HONDA_HR-V_Touring_2023
FORD,MAVERICK,XLT,2023,4,382,FORD_MAVERICK_XLT_2023
HONDA,HR-V,EX,2023,5,29,HONDA_HR-V_EX_2023
ACURA,INTEGRA,Type S,2020,3,257,ACURA_INTEGRA_Type S_2020
ACURA,MDX,Type S,2021,7,302,ACURA_MDX_Type S_2021
ACURA,INTEGRA,Tech,2022,9,110,ACURA_INTEGRA_Tech_2022
ACURA,INTEGRA,A-Spec,2020,2,261,ACURA_INTEGRA_A-Spec_2020
FIAT,STRADA,Working,2023,8,117,FIAT_STRADA_Working_2023
FORD,explorer,Unknown Version,2018,4,364,FORD_explorer_Unknown Version_2018
FORD,explorer,Unknown Version,2022,2,137,FORD_explorer_Unknown Version_2022
ACURA,MDX,Type S,2022,6,349,ACURA_MDX_Type S_2022
HONDA,CIVIC,LX,2022,11,316,HONDA_CIVIC_LX_2022
FIAT,STRADA,Working,2023,9,441,FIAT_STRADA_Working_2023
CHEVROLET,TRACKER,LT,2018,1,469,CHEVROLET_TRACKER_LT_2018
FIAT,STRADA,Trekking,2022,5,334,FIAT_STRADA_Trekking_2022
FIAT,STRADA,Trekking,2018,3,130,FIAT_STRADA_Trekking_2018
ACURA,MDX,Type S,2020,10,430,ACURA_MDX_Type S_2020
CHEVROLET,MALIBU,Premier,2021,5,14,CHEVROLET_MALIBU_Premier_2021
ACURA,ADX,Advance,2019,7,293,ACURA_ADX_Advance_2019
CHEVROLET,TRACKER,RS,2019,8,40,CHEVROLET_TRACKER_RS_2019
FIAT,PULSE,Drive Plus CVT,2022,2,326,FIAT_PULSE_Drive Plus CVT_2022
ACURA,MDX,Advance,2021,1,54,ACURA_MDX_Advance_2021
TOYOTA,RAV4,Limited,2019,5,114,TOYOTA_RAV4_Limited_2019
FORD,explorer,Unknown Version,2020,5,242,FORD_explorer_Unknown Version_2020
ACURA,INTEGRA,Tech,2023,8,90,ACURA_INTEGRA_Tech_2023
FORD,MAVERICK,Lariat,2019,5,478,FORD_MAVERICK_Lariat_2019
HONDA,CIVIC,Touring,2019,1,123,HONDA_CIVIC_Touring_2019
FORD,explorer,Unknown Version,2020,12,53,FORD_explorer_Unknown Version_2020
TOYOTA,CAMRY,XLE,2023,12,184,TOYOTA_CAMRY_XLE_2023
HONDA,CR-V,LX,2019,1,413,HONDA_CR-V_LX_2019
ACURA,ADX,A-Spec,2021,10,348,ACURA_ADX_A-Spec_2021
TOYOTA,CAMRY,SE,2022,4,254,TOYOTA_CAMRY_SE_2022
CHEVROLET,ONIX,LTZ,2022,7,134,CHEVROLET_ONIX_LTZ_2022
HONDA,HR-V,Touring,2020,5,84,HONDA_HR-V_Touring_2020
FORD,explorer,Unknown Version,2018,1,320,FORD_explorer_Unknown Version_2018
HONDA,CIVIC,LX,2019,7,423,HONDA_CIVIC_LX_2019
ACURA,INTEGRA,A-Spec,2023,10,252,ACURA_INTEGRA_A-Spec_2023
FORD,explorer,Unknown Version,2023,10,143,FORD_explorer_Unknown Version_2023
FIAT,PULSE,Audace,2018,10,158,FIAT_PULSE_Audace_2018
ACURA,MDX,Advance,2022,11,17,ACURA_MDX_Advance_2022
FIAT,STRADA,Working,2020,8,108,FIAT_STRADA_Working_2020
ACURA,INTEGRA,A-Spec,2022,7,87,ACURA_INTEGRA_A-Spec_2022
FORD,explorer,Unknown Version,2020,6,270,FORD_explorer_Unknown Version_2020
CHEVROLET,ONIX,LT,2018,7,179,CHEVROLET_ONIX_LT_2018
TOYOTA,CAMRY,LE,2021,4,303,TOYOTA_CAMRY_LE_2021
TOYOTA,COROLLA,SE,2022,11,430,TOYOTA_COROLLA_SE_2022
CHEVROLET,MALIBU,Premier,2021,1,457,CHEVROLET_MALIBU_Premier_2021
ACURA,ADX,Advance,2018,6,99,ACURA_ADX_Advance_2018
FORD,ECOSPORT,S,2022,5,179,FORD_ECOSPORT_S_2022
HONDA,HR-V,LX,2021,9,46,HONDA_HR-V_LX_2021
FIAT,STRADA,Working,2023,5,254,FIAT_STRADA_Working_2023
HONDA,HR-V,Touring,2023,9,457,HONDA_HR-V_Touring_2023
TOYOTA,COROLLA,SE,2018,6,167,TOYOTA_COROLLA_SE_2018
ACURA,MDX,Advance,2022,2,403,ACURA_MDX_Advance_2022
CHEVROLET,ONIX,LS,2021,9,25,CHEVROLET_ONIX_LS_2021
HONDA,HR-V,Touring,2019,8,480,HONDA_HR-V_Touring_2019
ACURA,INTEGRA,A-Spec,2018,3,234,ACURA_INTEGRA_A-Spec_2018
HONDA,CIVIC,LX,2021,3,470,HONDA_CIVIC_LX_2021
FORD,explorer,Unknown Version,2018,6,62,FORD_explorer_Unknown Version_2018
FIAT,STRADA,Trekking,2018,8,129,FIAT_STRADA_Trekking_2018
TOYOTA,RAV4,Limited,2019,4,385,TOYOTA_RAV4_Limited_2019
CHEVROLET,TRACKER,Base,2020,2,326,CHEVROLET_TRACKER_Base_2020
FIAT,PULSE,Audace,2023,5,112,FIAT_PULSE_Audace_2023
FORD,explorer,Unknown Version,2020,7,243,FORD_explorer_Unknown Version_2020
FORD,ECOSPORT,S,2023,4,193,FORD_ECOSPORT_S_2023
FIAT,STRADA,Trekking,2023,4,67,FIAT_STRADA_Trekking_2023
CHEVROLET,MALIBU,LT,2018,5,473,CHEVROLET_MALIBU_LT_2018
TOYOTA,CAMRY,LE,2020,10,239,TOYOTA_CAMRY_LE_2020
FIAT,PULSE,Drive MT,2023,2,205,FIAT_PULSE_Drive MT_2023
CHEVROLET,MALIBU,Premier,2023,9,332,CHEVROLET_MALIBU_Premier_2023
HONDA,CIVIC,LX,2021,10,416,HONDA_CIVIC_LX_2021
TOYOTA,CAMRY,LE,2022,5,354,TOYOTA_CAMRY_LE_2022
FORD,ECOSPORT,Titanium,2021,10,204,FORD_ECOSPORT_Titanium_2021
CHEVROLET,TRACKER,RS,2023,1,336,CHEVROLET_TRACKER_RS_2023
ACURA,ADX,A-Spec,2021,7,484,ACURA_ADX_A-Spec_2021
ACURA,INTEGRA,Tech,2023,3,282,ACURA_INTEGRA_Tech_2023
ACURA,ADX,A-Spec,2020,7,346,ACURA_ADX_A-Spec_2020
FORD,explorer,Unknown Version,2019,3,339,FORD_explorer_Unknown Version_2019
FIAT,STRADA,Trekking,2018,9,131,FIAT_STRADA_Trekking_2018
TOYOTA,COROLLA,SE,2023,1,462,TOYOTA_COROLLA_SE_2023
CHEVROLET,MALIBU,Premier,2023,6,145,CHEVROLET_MALIBU_Premier_2023
FIAT,PULSE,Audace,2018,11,489,FIAT_PULSE_Audace_2018
HONDA,CIVIC,LX,2018,2,55,HONDA_CIVIC_LX_2018
TOYOTA,COROLLA,LE,2018,5,318,TOYOTA_COROLLA_LE_2018
HONDA,HR-V,LX,2023,3,476,HONDA_HR-V_LX_2023
TOYOTA,COROLLA,SE,2019,7,354,TOYOTA_COROLLA_SE_2019
TOYOTA,CAMRY,SE,2022,6,211,TOYOTA_CAMRY_SE_2022
ACURA,MDX,Type S,2022,10,372,ACURA_MDX_Type S_2022
TOYOTA,COROLLA,LE,2020,1,165,TOYOTA_COROLLA_LE_2020
ACURA,ADX,A-Spec,2020,3,258,ACURA_ADX_A-Spec_2020
CHEVROLET,TRACKER,RS,2022,3,244,CHEVROLET_TRACKER_RS_2022
FIAT,STRADA,Trekking,2020,2,59,FIAT_STRADA_Trekking_2020
TOYOTA,RAV4,Limited,2020,1,176,TOYOTA_RAV4_Limited_2020
TOYOTA,CAMRY,LE,2023,1,22,TOYOTA_CAMRY_LE_2023
CHEVROLET,TRACKER,RS,2020,7,413,CHEVROLET_TRACKER_RS_2020
FORD,MAVERICK,XLT,2019,10,343,FORD_MAVERICK_XLT_2019
FIAT,STRADA,Working,2020,1,73,FIAT_STRADA_Working_2020
ACURA,INTEGRA,A-Spec,2022,5,26,ACURA_INTEGRA_A-Spec_2022
FORD,explorer,Unknown Version,2020,6,111,FORD_explorer_Unknown Version_2020
TOYOTA,RAV4,LE,2018,1,262,TOYOTA_RAV4_LE_2018
