make,model,version,ano,header_description,body_style,transmission,numero_de_puertas,cab_type,driven_wheels,msrp,photo_path,vehicleid,asientos_delanteros_con_ventilacion_conductor_/_pasajero_,tipo_de_hybrid,pantalla_tactil,integracion_movil_para_apple_carplay,rieles_de_techo,quemacocos_delantero,seguros_electricos_en_las_puertas,ventanas_electricas_adelante_/_atras_,volante_electrico_ajustable,asistente_de_estacionamiento_frontal,plug_in,aire_acondicionado,precio_de_transaccion,preparacion_para_remolque,apertura_remota_del_maletero/puerta_posterior,ruedas_traseras,bolsas_de_aire_laterales_tipo_cortina_adelante_/_de_adelante_h,capacidad_de_asientos,zonas_con_control_del_clima,enchufe_de_carga,enchufe_de_12v_adelante_/_atras_/_zona_de_carga_,asientos_delanteros_con_calefaccion_conductor_/_pasajero_,techo_corredizo_delantero,control_de_estabilidad,camara_de_punto_ciego,caballos_de_fuerza,bolsas_de_aire_delanteras_conductor_/_pasajero_,sistema_de_alerta_de_colision,limpiaparabrisas_con_sensores_de_lluvia,bocinas,llave_inteligente,abs,traccion,asistente_de_estacionamiento_trasero,tapizado_adicional_de_asiento,combinado_km/l_,control_electrico_de_traccion,integracion_movil_para_android_auto,bolsas_de_aire_para_las_rodillas_conductor_/_pasajero_,tipo,faros_delanteros,ruedas_delanteras,cierre_automatico_del_maletero/puerta_posterior,control_de_frenado_en_curvas,modo_de_manejo_de_direccion,motor,bolsas_de_aire_antisumergimiento_atras_/_tercera_fila_,camara_con_vista_envolvente,luces_antiniebla_delanteras,tercera_fila_de_asientos,bolsas_de_aire_laterales_adelante_/_atras_/_tercera_fila_,camara_de_punto_ciego,sensor_de_advertencia_del_punto_ciego,control_automatico_de_la_velocidad,longitud_mm_,tipo_de_combustible,enganche_de_remolque
BMW,M,M2 Coupé,2024,BMW M M2 Coupé,Coupe,Automático,2,No disponible,RWD,1745000.0,/SSCMEX/BMW/SERIES 2/2024/2CO.JPG,836343520240111,No Disponible / No Disponible,No disponible,Estándar,Estándar,No Disponible,No Disponible,Estándar,Estándar / Estándar,Estándar,No Disponible ,No Disponible,Estándar,1745000.00,No disponible,No Disponible,"20"" Aluminio, Opcional 19x10.5"" Aluminio",,4,Tres,,Estándar / No Disponible / Estándar,Estándar / Estándar,No disponible,"Estándar , DSC",,460,Estándar / Estándar,Estándar ,No disponible,No disponible,"Estándar, Comfort Access ",Estándar,trasera,"J, Estándar ",Opcional Piel,11.8,No disponible,Estándar,No Disponible / No Disponible,Automático,Led ,"19"" Aluminio, Opcional 19x9.5"" Aluminio",No Disponible ,Estándar,Incluido,3.0L En Línea6,No Disponible / No Disponible,No Disponible ,No Disponible,No Disponible,Estándar / No Disponible / No Disponible,No Disponible,Opcional,Opcional ,4580,Gasolina Premium,No Disponible
BMW,M,M2 Coupé,2024,BMW M M2 Coupé,Coupe,Automático,2,No disponible,RWD,1745000.0,/SSCMEX/BMW/SERIES 2/2024/2CO.JPG,836343520240111,No Disponible / No Disponible,No disponible,Estándar,Estándar,No Disponible,No Disponible,Estándar,Estándar / Estándar,Estándar,No Disponible ,No Disponible,Estándar,1745000.00,No disponible,No Disponible,"20"" Aluminio, Opcional 19x10.5"" Aluminio",,4,Tres,,Estándar / No Disponible / Estándar,Estándar / Estándar,No disponible,"Estándar , DSC",,460,Estándar / Estándar,Estándar ,No disponible,No disponible,"Estándar, Comfort Access ",Estándar,trasera,"J, Estándar ",Opcional Piel,11.8,No disponible,Estándar,No Disponible / No Disponible,Automático,Led ,"19"" Aluminio, Opcional 19x9.5"" Aluminio",No Disponible ,Estándar,Incluido,3.0L En Línea6,No Disponible / No Disponible,No Disponible ,No Disponible,No Disponible,Estándar / No Disponible / No Disponible,No Disponible,Opcional,Opcional ,4580,Gasolina Premium,No Disponible
BMW,M,M2 Coupé,2025,BMW M M2 Coupé,Coupe,Automático,2,No disponible,RWD,1745000.0,/SSCMEX/BMW/SERIES 2/2025/2CO.JPG,836343520250101,No Disponible / No Disponible,No disponible,Estándar,Estándar,No Disponible,No Disponible,Estándar,Estándar / Estándar,Estándar,No Disponible ,No Disponible,Estándar,1745000.00,No disponible,No Disponible,"20"" Aluminio, Opcional 19x10.5"" Aluminio",,4,Tres,,Estándar / No Disponible / Estándar,Estándar / Estándar,No disponible,Estándar ,,460,Estándar / Estándar,Estándar ,No disponible,No disponible,Estándar,Estándar,trasera,"J, Estándar ",Opcional Piel,11.8,No disponible,Estándar,No Disponible / No Disponible,Automático,Led ,"19"" Aluminio, Opcional 19x9.5"" Aluminio",No Disponible ,Estándar,Incluido,3.0L En Línea6,No Disponible / No Disponible,No Disponible ,No Disponible,No Disponible,Estándar / No Disponible / No Disponible,No Disponible,Opcional,Opcional ,4580,Gasolina Premium,No Disponible
BMW,M,M2 Coupé,2025,BMW M M2 Coupé,Coupe,Automático,2,No disponible,RWD,1745000.0,/SSCMEX/BMW/SERIES 2/2025/2CO.JPG,836343520250101,No Disponible / No Disponible,No disponible,Estándar,Estándar,No Disponible,No Disponible,Estándar,Estándar / Estándar,Estándar,No Disponible ,No Disponible,Estándar,1745000.00,No disponible,No Disponible,"20"" Aluminio, Opcional 19x10.5"" Aluminio",,4,Tres,,Estándar / No Disponible / Estándar,Estándar / Estándar,No disponible,Estándar ,,460,Estándar / Estándar,Estándar ,No disponible,No disponible,Estándar,Estándar,trasera,"J, Estándar ",Opcional Piel,11.8,No disponible,Estándar,No Disponible / No Disponible,Automático,Led ,"19"" Aluminio, Opcional 19x9.5"" Aluminio",No Disponible ,Estándar,Incluido,3.0L En Línea6,No Disponible / No Disponible,No Disponible ,No Disponible,No Disponible,Estándar / No Disponible / No Disponible,No Disponible,Opcional,Opcional ,4580,Gasolina Premium,No Disponible
BMW,M,M2 Coupé,2026,BMW M M2 Coupé,Coupe,Automático,2,No disponible,RWD,1764900.0,/SSCMEX/BMW/SERIES 2/2026/2CO.JPG,836343520250522,No Disponible / No Disponible,No disponible,Estándar,Estándar,No Disponible,No Disponible,Estándar,Estándar / Estándar,Estándar,No Disponible ,No Disponible,Estándar,1764900.00,No disponible,No Disponible,"20"" Aluminio, Opcional 19x10.5"" Aluminio",,4,Tres,,Estándar / No Disponible / Estándar,Estándar / Estándar,No disponible,Estándar ,,460,Estándar / Estándar,Estándar ,No disponible,No disponible,Estándar,Estándar,trasera,"J, Estándar ",Opcional Piel,11.8,No disponible,Estándar,No Disponible / No Disponible,Automático,Led ,"19"" Aluminio, Opcional 19x9.5"" Aluminio",No Disponible ,Estándar,Incluido,3.0L En Línea6,No Disponible / No Disponible,No Disponible ,No Disponible,No Disponible,Estándar / No Disponible / No Disponible,No Disponible,Opcional,Opcional ,4580,Gasolina Premium,No Disponible
BMW,M,M2 Coupé,2026,BMW M M2 Coupé,Coupe,Automático,2,No disponible,RWD,1764900.0,/SSCMEX/BMW/SERIES 2/2026/2CO.JPG,836343520250522,No Disponible / No Disponible,No disponible,Estándar,Estándar,No Disponible,No Disponible,Estándar,Estándar / Estándar,Estándar,No Disponible ,No Disponible,Estándar,1764900.00,No disponible,No Disponible,"20"" Aluminio, Opcional 19x10.5"" Aluminio",,4,Tres,,Estándar / No Disponible / Estándar,Estándar / Estándar,No disponible,Estándar ,,460,Estándar / Estándar,Estándar ,No disponible,No disponible,Estándar,Estándar,trasera,"J, Estándar ",Opcional Piel,11.8,No disponible,Estándar,No Disponible / No Disponible,Automático,Led ,"19"" Aluminio, Opcional 19x9.5"" Aluminio",No Disponible ,Estándar,Incluido,3.0L En Línea6,No Disponible / No Disponible,No Disponible ,No Disponible,No Disponible,Estándar / No Disponible / No Disponible,No Disponible,Opcional,Opcional ,4580,Gasolina Premium,No Disponible
BMW,M,M3 CS (Automático),2024,BMW M M3 CS (Automático),Sedan,Automático,4,No disponible,4WD,3325000.0,/SSCMEX/BMW/SERIES 3/2024/4SA-4.JPG,842246320240416,No Disponible / No Disponible,No disponible,Estándar,Estándar,No Disponible,No Disponible,Estándar,Estándar / Estándar,Estándar,No Disponible ,No Disponible,Estándar,3325000.00,No disponible,No Disponible,"20"" Aluminio",,5,Tres,,Estándar / Estándar / Estándar,Estándar / Estándar,No disponible,"Estándar , Dynamic Stability Control (DSC)",,551,Estándar / Estándar,Estándar ,No disponible,No disponible,"Estándar, Comfort Access ",Estándar,xDrive 4x4,"J, Estándar ",Cuero Premium,9.6,No disponible,Estándar,No Disponible / No Disponible,Automático,Led ,"19"" Aluminio",No Disponible ,Estándar,No disponible,3.0L En Línea6,No Disponible / No Disponible,No Disponible ,Estándar,No Disponible,Estándar / No Disponible / No Disponible,No Disponible,No Disponible,No Disponible ,4794,Gasolina Premium,No Disponible
BMW,M,M3 CS (Automático),2024,BMW M M3 CS (Automático),Sedan,Automático,4,No disponible,4WD,3325000.0,/SSCMEX/BMW/SERIES 3/2024/4SA-4.JPG,842246320240416,No Disponible / No Disponible,No disponible,Estándar,Estándar,No Disponible,No Disponible,Estándar,Estándar / Estándar,Estándar,No Disponible ,No Disponible,Estándar,3325000.00,No disponible,No Disponible,"20"" Aluminio",,5,Tres,,Estándar / Estándar / Estándar,Estándar / Estándar,No disponible,"Estándar , Dynamic Stability Control (DSC)",,551,Estándar / Estándar,Estándar ,No disponible,No disponible,"Estándar, Comfort Access ",Estándar,xDrive 4x4,"J, Estándar ",Cuero Premium,9.6,No disponible,Estándar,No Disponible / No Disponible,Automático,Led ,"19"" Aluminio",No Disponible ,Estándar,No disponible,3.0L En Línea6,No Disponible / No Disponible,No Disponible ,Estándar,No Disponible,Estándar / No Disponible / No Disponible,No Disponible,No Disponible,No Disponible ,4794,Gasolina Premium,No Disponible
BMW,M,XM Automático,2024,BMW M XM Automático,Todo Terreno,Automático,5,No disponible,AWD,4200000.0,/SSCMEX/BMW/XM/2024/5OD-4.JPG,835916020240401,No Disponible / No Disponible,Hibrido Activo,Estándar,Estándar,No Disponible,No Disponible,Estándar,Estándar / Estándar,Estándar,No Disponible ,Estándar,Estándar,4000000.00,No disponible,No Disponible,"21"" Aluminio, Opcional 22x10.5"" Aluminio, Opcional 23x10.5"" Aluminio",,5,Cuatro,,Estándar / Estándar / Estándar,Opcional / Opcional,No disponible,Estándar ,,653,Estándar / Estándar,Estándar ,No disponible,No disponible,Estándar,Estándar,xDrive 4x4,"J, Estándar ",Opcional Cuero Premium,No disponible,No disponible,Estándar,No Disponible / No Disponible,Automático,Led ,"21"" Aluminio, Opcional 22x9.5"" Aluminio, Opcional 23x9.5"" Aluminio",Estándar ,Estándar,Incluido,4.4L En V8,No Disponible / No Disponible,Estándar ,No Disponible,No Disponible,Estándar / No Disponible / No Disponible,No Disponible,No Disponible,Estándar ,5110,Eléctrico,No Disponible
BMW,M,XM Automático,2024,BMW M XM Automático,Todo Terreno,Automático,5,No disponible,AWD,4200000.0,/SSCMEX/BMW/XM/2024/5OD-4.JPG,135916020240401,No Disponible / No Disponible,Hibrido Activo,Estándar,Estándar,No Disponible,No Disponible,Estándar,Estándar / Estándar,Estándar,No Disponible ,Estándar,Estándar,4000000.00,No disponible,No Disponible,"21"" Aluminio, Opcional 22x10.5"" Aluminio, Opcional 23x10.5"" Aluminio",,5,Cuatro,,Estándar / Estándar / Estándar,Opcional / Opcional,No disponible,Estándar ,,653,Estándar / Estándar,Estándar ,No disponible,No disponible,Estándar,Estándar,xDrive 4x4,"J, Estándar ",Opcional Cuero Premium,No disponible,No disponible,Estándar,No Disponible / No Disponible,Automático,Led ,"21"" Aluminio, Opcional 22x9.5"" Aluminio, Opcional 23x9.5"" Aluminio",Estándar ,Estándar,Incluido,4.4L En V8,No Disponible / No Disponible,Estándar ,No Disponible,No Disponible,Estándar / No Disponible / No Disponible,No Disponible,No Disponible,Estándar ,5110,Eléctrico,No Disponible
BMW,M,XM Automático,2024,BMW M XM Automático,Todo Terreno,Automático,5,No disponible,AWD,4200000.0,/SSCMEX/BMW/XM/2024/5OD-4.JPG,835916020240401,No Disponible / No Disponible,Hibrido Activo,Estándar,Estándar,No Disponible,No Disponible,Estándar,Estándar / Estándar,Estándar,No Disponible ,Estándar,Estándar,4000000.00,No disponible,No Disponible,"21"" Aluminio, Opcional 22x10.5"" Aluminio, Opcional 23x10.5"" Aluminio",,5,Cuatro,,Estándar / Estándar / Estándar,Opcional / Opcional,No disponible,Estándar ,,653,Estándar / Estándar,Estándar ,No disponible,No disponible,Estándar,Estándar,xDrive 4x4,"J, Estándar ",Opcional Cuero Premium,No disponible,No disponible,Estándar,No Disponible / No Disponible,Automático,Led ,"21"" Aluminio, Opcional 22x9.5"" Aluminio, Opcional 23x9.5"" Aluminio",Estándar ,Estándar,Incluido,4.4L En V8,No Disponible / No Disponible,Estándar ,No Disponible,No Disponible,Estándar / No Disponible / No Disponible,No Disponible,No Disponible,Estándar ,5110,Eléctrico,No Disponible
BMW,M,XM Automático,2024,BMW M XM Automático,Todo Terreno,Automático,5,No disponible,AWD,4200000.0,/SSCMEX/BMW/XM/2024/5OD-4.JPG,135916020240401,No Disponible / No Disponible,Hibrido Activo,Estándar,Estándar,No Disponible,No Disponible,Estándar,Estándar / Estándar,Estándar,No Disponible ,Estándar,Estándar,4000000.00,No disponible,No Disponible,"21"" Aluminio, Opcional 22x10.5"" Aluminio, Opcional 23x10.5"" Aluminio",,5,Cuatro,,Estándar / Estándar / Estándar,Opcional / Opcional,No disponible,Estándar ,,653,Estándar / Estándar,Estándar ,No disponible,No disponible,Estándar,Estándar,xDrive 4x4,"J, Estándar ",Opcional Cuero Premium,No disponible,No disponible,Estándar,No Disponible / No Disponible,Automático,Led ,"21"" Aluminio, Opcional 22x9.5"" Aluminio, Opcional 23x9.5"" Aluminio",Estándar ,Estándar,Incluido,4.4L En V8,No Disponible / No Disponible,Estándar ,No Disponible,No Disponible,Estándar / No Disponible / No Disponible,No Disponible,No Disponible,Estándar ,5110,Eléctrico,No Disponible
BMW,M,XM Automático,2025,BMW M XM Automático,Todo Terreno,Automático,5,No disponible,AWD,4200000.0,/SSCMEX/BMW/XM/2025/5OD-4.JPG,835916020240527,Estándar / Estándar,Hibrido Activo,Estándar,Estándar,No Disponible,No Disponible,Estándar,Estándar / Estándar,Estándar,No Disponible ,Estándar,Estándar,4000000.00,No disponible,No Disponible,"21"" Aluminio",,5,Cuatro,,Estándar / Estándar / Estándar,Estándar / Estándar,No disponible,Estándar ,,653,Estándar / Estándar,Estándar ,No disponible,No disponible,Estándar,Estándar,xDrive 4x4,"J, Estándar ",Opcional Cuero Premium,No disponible,No disponible,Estándar,No Disponible / No Disponible,Automático,Led ,"21"" Aluminio",Estándar ,Estándar,Incluido,4.4L En V8,No Disponible / No Disponible,Estándar ,No Disponible,No Disponible,Estándar / No Disponible / No Disponible,No Disponible,No Disponible,Estándar ,5110,Eléctrico,No Disponible
BMW,M,XM Automático,2025,BMW M XM Automático,Todo Terreno,Automático,5,No disponible,AWD,4200000.0,/SSCMEX/BMW/XM/2025/5OD-4.JPG,835916020240527,Estándar / Estándar,Hibrido Activo,Estándar,Estándar,No Disponible,No Disponible,Estándar,Estándar / Estándar,Estándar,No Disponible ,Estándar,Estándar,4000000.00,No disponible,No Disponible,"21"" Aluminio",,5,Cuatro,,Estándar / Estándar / Estándar,Estándar / Estándar,No disponible,Estándar ,,653,Estándar / Estándar,Estándar ,No disponible,No disponible,Estándar,Estándar,xDrive 4x4,"J, Estándar ",Opcional Cuero Premium,No disponible,No disponible,Estándar,No Disponible / No Disponible,Automático,Led ,"21"" Aluminio",Estándar ,Estándar,Incluido,4.4L En V8,No Disponible / No Disponible,Estándar ,No Disponible,No Disponible,Estándar / No Disponible / No Disponible,No Disponible,No Disponible,Estándar ,5110,Eléctrico,No Disponible
BMW,Serie 3 Sedan,320i Edicion 30 años,2025,BMW Serie 3 Sedan 320i Edicion 30 años,Sedan,Automático,4,No disponible,RWD,1119900.0,/SSCMEX/BMW/SERIES 3/2025/4SA.JPG,846847620250101,No Disponible / No Disponible,No disponible,Estándar,Estándar,No Disponible,Estándar,Estándar,Estándar / Estándar,Estándar,No Disponible ,No Disponible,Estándar,1069900.00,No disponible,No Disponible,"19"" Aluminio",,5,Tres,,Estándar / No Disponible / No Disponible,No Disponible / No Disponible,No disponible,Estándar ,,184,Estándar / Estándar,No Disponible ,No disponible,No disponible,Estándar,Estándar,trasera,"J, Estándar ",Piel Sintética,17.5,No disponible,Estándar,No Disponible / No Disponible,Automático,Led ,"19"" Aluminio",No Disponible ,Estándar,No disponible,2.0L En Línea4,No Disponible / No Disponible,No Disponible ,Estándar,No Disponible,Estándar / No Disponible / No Disponible,No Disponible,No Disponible,Estándar ,4633,Gasolina Premium,No Disponible
BMW,Serie 3 Sedan,320i Edicion 30 años,2026,BMW Serie 3 Sedan 320i Edicion 30 años,Sedan,Automático,4,No disponible,RWD,1119900.0,/SSCMEX/BMW/SERIES 3/2026/4SA.JPG,846847620250619,No Disponible / No Disponible,No disponible,Estándar,Estándar,No Disponible,Estándar,Estándar,Estándar / Estándar,Estándar,No Disponible ,No Disponible,Estándar,1069900.00,No disponible,No Disponible,"19"" Aluminio",,5,Tres,,Estándar / No Disponible / No Disponible,No Disponible / No Disponible,No disponible,Estándar ,,184,Estándar / Estándar,No Disponible ,No disponible,No disponible,Estándar,Estándar,trasera,"J, Estándar ",Piel Sintética,17.5,No disponible,Estándar,No Disponible / No Disponible,Automático,Led ,"19"" Aluminio",No Disponible ,Estándar,No disponible,2.0L En Línea4,No Disponible / No Disponible,No Disponible ,Estándar,No Disponible,Estándar / No Disponible / No Disponible,No Disponible,No Disponible,Estándar ,4633,Gasolina Premium,No Disponible
BMW,Serie 4 Gran Coupé,430i,2024,BMW Serie 4 Gran Coupé 430i,Hatchback,Automático,5,No disponible,RWD,1135000.0,/SSCMEX/BMW/SERIES 4/2024/5HA.JPG,733727620240111,Opcional / Opcional,No disponible,Estándar,Estándar,No Disponible,Estándar,Estándar,Estándar / Estándar,Estándar,No Disponible ,No Disponible,Estándar,1135000.00,No disponible,No Disponible,"18"" Aluminio, Opcional 18x8.5"" Aluminio, Opcional 19x8.5"" Aluminio",,5,Tres,,Estándar / No Disponible / No Disponible,Opcional / Opcional,No disponible,"Estándar , Dynamic Stability Control (DSC)",,258,Estándar / Estándar,Opcional ,No disponible,No disponible,Estándar,Estándar,trasera,"J, Estándar ","Opcional Cuero Premium, Opcional Piel, Opcional Piel Sintética",15.6,No disponible,Estándar,No Disponible / No Disponible,Automático,"Led , Opcional Laser ","18"" Aluminio, Opcional 18x8.0"" Aluminio, Opcional 19x8.0"" Aluminio",Estándar ,Estándar,No disponible,2.0L TwinPower Turbo En Línea4,No Disponible / No Disponible,No Disponible ,Estándar,No Disponible,Estándar / No Disponible / No Disponible,No Disponible,No Disponible,Opcional ,4640,Gasolina Premium,No Disponible
BMW,Serie 4 Gran Coupé,430i,2025,BMW Serie 4 Gran Coupé 430i,Hatchback,Automático,5,No disponible,RWD,1200000.0,/SSCMEX/BMW/SERIES 4/2025/5HA.JPG,733727620250101,Opcional / Opcional,No disponible,Estándar,Estándar,No Disponible,Estándar,Estándar,Estándar / Estándar,Estándar,No Disponible ,No Disponible,Estándar,1140000.00,No disponible,No Disponible,"18"" Aluminio, Opcional 18x8.5"" Aluminio, Opcional 19x8.5"" Aluminio",,5,Tres,,Estándar / No Disponible / No Disponible,Opcional / Opcional,No disponible,Estándar ,,258,Estándar / Estándar,Opcional ,No disponible,No disponible,Estándar,Estándar,trasera,"J, Estándar ","Opcional Piel, Opcional Piel Sintética, Opcional Cuero Premium",15.6,No disponible,Estándar,No Disponible / No Disponible,Automático,"Led , Opcional Laser ","18"" Aluminio, Opcional 18x8.0"" Aluminio, Opcional 19x8.0"" Aluminio",Estándar ,Estándar,No disponible,2.0L En Línea4,No Disponible / No Disponible,No Disponible ,Estándar,No Disponible,Estándar / No Disponible / No Disponible,No Disponible,No Disponible,Opcional ,4640,Gasolina Premium,No Disponible
BMW,Serie 4 Gran Coupé,430i,2026,BMW Serie 4 Gran Coupé 430i,Hatchback,Automático,5,No disponible,RWD,1209900.0,/SSCMEX/BMW/SERIES 4/2026/5HA.JPG,733727620250619,Opcional / Opcional,No disponible,Estándar,Estándar,No Disponible,Estándar,Estándar,Estándar / Estándar,Estándar,No Disponible ,No Disponible,Estándar,1209900.00,No disponible,No Disponible,"18"" Aluminio, Opcional 18x8.5"" Aluminio, Opcional 19x8.5"" Aluminio",,5,Tres,,Estándar / No Disponible / No Disponible,Opcional / Opcional,No disponible,Estándar ,,258,Estándar / Estándar,Opcional ,No disponible,No disponible,Estándar,Estándar,trasera,"J, Estándar ","Opcional Piel, Opcional Piel Sintética, Opcional Cuero Premium",15.6,No disponible,Estándar,No Disponible / No Disponible,Automático,"Led , Opcional Laser ","18"" Aluminio, Opcional 18x8.0"" Aluminio, Opcional 19x8.0"" Aluminio",Estándar ,Estándar,No disponible,2.0L En Línea4,No Disponible / No Disponible,No Disponible ,Estándar,No Disponible,Estándar / No Disponible / No Disponible,No Disponible,No Disponible,Opcional ,4640,Gasolina Premium,No Disponible
BMW,Serie 4 Gran Coupé,M440i xDrive,2024,BMW Serie 4 Gran Coupé M440i xDrive,Hatchback,Automático,5,No disponible,AWD,1545000.0,/SSCMEX/BMW/SERIES 4/2024/5HA-4.JPG,830804220240111,Opcional / Opcional,No disponible,Estándar,Estándar,No Disponible,Estándar,Estándar,Estándar / Estándar,Estándar,No Disponible ,No Disponible,Estándar,1545000.00,No disponible,No Disponible,"19"" Aluminio, Opcional 19x9.0"" Aluminio",,5,Tres,,Estándar / Estándar / Estándar,Opcional / Opcional,No disponible,"Estándar , Dynamic Stability Control (DSC)",,387,Estándar / Estándar,Opcional ,No disponible,No disponible,"Estándar, Comfort Access ",Estándar,xDrive 4x4,"J, Estándar ","Opcional Cuero Premium, Opcional Piel Sintética, Opcional Piel",13.9,No disponible,Estándar,No Disponible / No Disponible,Automático,"Led , Opcional Laser ","19"" Aluminio, Opcional 19x8.5"" Aluminio",Estándar ,Estándar,Incluido,3.0L TwinPower Turbo En Línea6,No Disponible / No Disponible,No Disponible ,Estándar,No Disponible,Estándar / No Disponible / No Disponible,No Disponible,No Disponible,Opcional ,4788,Gasolina Premium,No Disponible
BMW,Serie 4 Gran Coupé,M440i xDrive,2025,BMW Serie 4 Gran Coupé M440i xDrive,Hatchback,Automático,5,No disponible,AWD,1590000.0,/SSCMEX/BMW/SERIES 4/2025/5HA-4.JPG,830804220250101,Opcional / Opcional,No disponible,Estándar,Estándar,No Disponible,Estándar,Estándar,Estándar / Estándar,Estándar,No Disponible ,No Disponible,Estándar,1530000.00,No disponible,No Disponible,"19"" Aluminio, Opcional 19x9.0"" Aluminio",,5,Tres,,Estándar / Estándar / Estándar,Opcional / Opcional,No disponible,Estándar ,,387,Estándar / Estándar,Opcional ,No disponible,No disponible,Estándar,Estándar,4x4,"J, Estándar ","Opcional Piel, Opcional Piel Sintética, Opcional Cuero Premium",14.5,No disponible,Estándar,No Disponible / No Disponible,Automático,"Led , Opcional Laser ","19"" Aluminio, Opcional 19x8.5"" Aluminio",Estándar ,Estándar,Incluido,3.0L En Línea6,No Disponible / No Disponible,No Disponible ,Estándar,No Disponible,Estándar / No Disponible / No Disponible,No Disponible,No Disponible,Opcional ,4788,Gasolina Premium,No Disponible
BMW,Serie 4 Gran Coupé,M440i xDrive,2026,BMW Serie 4 Gran Coupé M440i xDrive,Hatchback,Automático,5,No disponible,AWD,1599900.0,/SSCMEX/BMW/SERIES 4/2026/5HA-4.JPG,830804220250619,Opcional / Opcional,No disponible,Estándar,Estándar,No Disponible,Estándar,Estándar,Estándar / Estándar,Estándar,No Disponible ,No Disponible,Estándar,1599900.00,No disponible,No Disponible,"19"" Aluminio, Opcional 19x9.0"" Aluminio",,5,Tres,,Estándar / Estándar / Estándar,Opcional / Opcional,No disponible,Estándar ,,387,Estándar / Estándar,Opcional ,No disponible,No disponible,Estándar,Estándar,4x4,"J, Estándar ","Opcional Cuero Premium, Opcional Piel, Opcional Piel Sintética",14.5,No disponible,Estándar,No Disponible / No Disponible,Automático,"Led , Opcional Laser ","19"" Aluminio, Opcional 19x8.5"" Aluminio",Estándar ,Estándar,Incluido,3.0L En Línea6,No Disponible / No Disponible,No Disponible ,Estándar,No Disponible,Estándar / No Disponible / No Disponible,No Disponible,No Disponible,Opcional ,4788,Gasolina Premium,No Disponible
BMW,X2 SAC,xDrive20i Automático,2024,BMW X2 SAC xDrive20i Automático,Todo Terreno,Automático,5,No disponible,AWD,1145000.0,/SSCMEX/BMW/X2/2024/5OD-4.JPG,842311420240419,No Disponible / No Disponible,No disponible,Estándar,Estándar,Estándar,No Disponible,Estándar,Estándar / Estándar,Estándar,No Disponible ,No Disponible,Estándar,1145000.00,No disponible,No Disponible,"19"" Aluminio",,5,Dos,,Estándar / No Disponible / No Disponible,No Disponible / No Disponible,No disponible,"Estándar , Dynamic Stability Control (DSC)",,204,Estándar / Estándar,Estándar ,No disponible,No disponible,Estándar,Estándar,xDrive 4x4,"Estándar , C",Piel,15.9,No disponible,Estándar,No Disponible / No Disponible,Automático,Led ,"19"" Aluminio",Estándar ,Estándar,Incluido,2.0L En Línea4,No Disponible / No Disponible,No Disponible ,Estándar,No Disponible,Estándar / No Disponible / No Disponible,No Disponible,No Disponible,No Disponible ,4554,Gasolina Premium,No Disponible
BMW,X2 SAC,xDrive20i Automático,2025,BMW X2 SAC xDrive20i Automático,Todo Terreno,Automático,5,No disponible,AWD,1145000.0,/SSCMEX/BMW/X2/2025/5OD-4.JPG,842311420250101,No Disponible / No Disponible,No disponible,Estándar,Estándar,Estándar,No Disponible,Estándar,Estándar / Estándar,Estándar,No Disponible ,No Disponible,Estándar,1145000.00,No disponible,No Disponible,"19"" Aluminio",,5,Dos,,Estándar / No Disponible / No Disponible,No Disponible / No Disponible,No disponible,Estándar ,,204,Estándar / Estándar,Estándar ,No disponible,No disponible,Estándar,Estándar,4x4,"Estándar , C",Piel,15.9,No disponible,Estándar,No Disponible / No Disponible,Automático,Led ,"19"" Aluminio",Estándar ,Estándar,Incluido,2.0L En Línea4,No Disponible / No Disponible,No Disponible ,Estándar,No Disponible,Estándar / No Disponible / No Disponible,No Disponible,No Disponible,No Disponible ,4554,Gasolina Premium,No Disponible
BMW,X2 SAC,xDrive20i Automático,2026,BMW X2 SAC xDrive20i Automático,Todo Terreno,Automático,5,No disponible,AWD,1144900.0,/SSCMEX/BMW/X2/2026/5OD-4.JPG,842311420250618,No Disponible / No Disponible,No disponible,Estándar,Estándar,Estándar,No Disponible,Estándar,Estándar / Estándar,Estándar,No Disponible ,No Disponible,Estándar,1144900.00,No disponible,No Disponible,"19"" Aluminio",,5,Dos,,Estándar / No Disponible / No Disponible,No Disponible / No Disponible,No disponible,Estándar ,,204,Estándar / Estándar,Estándar ,No disponible,No disponible,Estándar,Estándar,4x4,"Estándar , C",Piel,15.9,No disponible,Estándar,No Disponible / No Disponible,Automático,Led ,"19"" Aluminio",Estándar ,Estándar,Incluido,2.0L En Línea4,No Disponible / No Disponible,No Disponible ,Estándar,No Disponible,Estándar / No Disponible / No Disponible,No Disponible,No Disponible,No Disponible ,4554,Gasolina Premium,No Disponible
BMW,X3 SAV,xDrive30e Outdoor Edition (Híbrido Aut),2024,BMW X3 SAV xDrive30e Outdoor Edition (Híbrido Aut),Todo Terreno,Automático,5,No disponible,AWD,1620000.0,/SSCMEX/BMW/X3/2024/5OD-4.JPG,841882820240327,No Disponible / No Disponible,eDrive Hibrido Activo,Estándar,Estándar,Estándar,Estándar,Estándar,Estándar / Estándar,Estándar,No Disponible ,Estándar,Estándar,1620000.00,No disponible,No Disponible,"19"" Aluminio",,5,Tres,,Estándar / No Disponible / Estándar,No Disponible / No Disponible,No disponible,"Estándar , Dynamic Stability Control (DSC)",,292,Estándar / Estándar,Estándar ,No disponible,No disponible,Estándar,Estándar,xDrive 4x4,"I, Estándar ",Piel,No disponible,No disponible,Estándar,No Disponible / No Disponible,Automático,Led ,"19"" Aluminio",Estándar ,Estándar,Incluido,2.0L En Línea4,No Disponible / No Disponible,No Disponible ,No Disponible,No Disponible,Estándar / No Disponible / No Disponible,No Disponible,No Disponible,Estándar ,4708,Eléctrico,No Disponible
BMW,X4 SAC,xDrive30i Carbon Edition (Automático),2024,BMW X4 SAC xDrive30i Carbon Edition (Automático),Todo Terreno,Automático,5,No disponible,AWD,1519000.0,/SSCMEX/BMW/X4/2024/5OD-4.JPG,841884920240327,No Disponible / No Disponible,No disponible,Estándar,Estándar,No Disponible,Estándar,Estándar,Estándar / Estándar,Estándar,No Disponible ,No Disponible,Estándar,1519000.00,No disponible,No Disponible,"20"" Aluminio",,5,Tres,,Estándar / No Disponible / Estándar,No Disponible / No Disponible,No disponible,"Estándar , Dynamic Stability Control (DSC)",,252,Estándar / Estándar,Estándar ,No disponible,No disponible,Estándar,Estándar,xDrive 4x4,"I, Estándar ",Piel Sintética,14.0,No disponible,Estándar,No Disponible / No Disponible,Automático,Led ,"20"" Aluminio",Estándar ,Estándar,Incluido,2.0L TwinPower Turbo En Línea4,No Disponible / No Disponible,No Disponible ,No Disponible,No Disponible,Estándar / No Disponible / No Disponible,No Disponible,No Disponible,Estándar ,4752,Gasolina Premium,No Disponible
BMW,iX2,xDrive30 Eléctrico Automático,2024,BMW iX2 xDrive30 Eléctrico Automático,Todo Terreno,Automático,5,No disponible,AWD,1380000.0,/SSCMEX/BMW/IX2/2024/5OD-4.JPG,842248720240417,No Disponible / No Disponible,No disponible,No Disponible,No Disponible,No Disponible,Estándar,No Disponible,No Disponible / No Disponible,Estándar,No Disponible ,Estándar,No Disponible,1380000.00,No disponible,No Disponible,"19"" Aluminio",,5,No disponible,,No Disponible / No Disponible / No Disponible,No Disponible / No Disponible,No disponible,"Estándar , DSC",,313,Estándar / Estándar,No Disponible ,No disponible,No disponible,Estándar,No Disponible,4x4,No Disponible ,Piel Sintética,No disponible,No disponible,No Disponible,No Disponible / No Disponible,Automático,No disponible,"19"" Aluminio",No Disponible ,No Disponible,No disponible,No disponible,No Disponible / No Disponible,No Disponible ,No Disponible,No Disponible,No Disponible / No Disponible / No Disponible,No Disponible,No Disponible,No Disponible ,4554,Eléctrico,No Disponible
BMW,iX2,xDrive30 Eléctrico Automático,2025,BMW iX2 xDrive30 Eléctrico Automático,Todo Terreno,Automático,5,No disponible,AWD,1380000.0,/SSCMEX/BMW/IX2/2025/5OD-4.JPG,842248720240701,No Disponible / No Disponible,No disponible,Estándar,Estándar,No Disponible,Estándar,Estándar,Estándar / Estándar,Estándar,No Disponible ,Estándar,Estándar,1330000.00,No disponible,No Disponible,"19"" Aluminio",,5,Dos,,Estándar / No Disponible / No Disponible,No Disponible / No Disponible,No disponible,Estándar ,,313,Estándar / Estándar,Estándar ,No disponible,No disponible,Estándar,Estándar,4x4,"Visualización De Guía, Estándar ",Piel Sintética,No disponible,No disponible,Estándar,No Disponible / No Disponible,Automático,Led ,"19"" Aluminio",Estándar ,Estándar,Incluido,No disponible,No Disponible / No Disponible,No Disponible ,Estándar,No Disponible,Estándar / No Disponible / No Disponible,No Disponible,No Disponible,No Disponible ,4554,Eléctrico,No Disponible
BMW,iX2,xDrive30 Eléctrico Automático,2026,BMW iX2 xDrive30 Eléctrico Automático,Todo Terreno,Automático,5,No disponible,AWD,1379900.0,/SSCMEX/BMW/IX2/2026/5OD-4.JPG,842248720250618,No Disponible / No Disponible,No disponible,Estándar,Estándar,No Disponible,Estándar,Estándar,Estándar / Estándar,Estándar,No Disponible ,Estándar,Estándar,1379900.00,No disponible,No Disponible,"19"" Aluminio",,5,Dos,,Estándar / No Disponible / No Disponible,No Disponible / No Disponible,No disponible,Estándar ,,313,Estándar / Estándar,Estándar ,No disponible,No disponible,Estándar,Estándar,4x4,"Visualización De Guía, Estándar ",Piel Sintética,No disponible,No disponible,Estándar,No Disponible / No Disponible,Automático,Led ,"19"" Aluminio",Estándar ,Estándar,Incluido,No disponible,No Disponible / No Disponible,No Disponible ,Estándar,No Disponible,Estándar / No Disponible / No Disponible,No Disponible,No Disponible,No Disponible ,4554,Eléctrico,No Disponible
BPS,X7,Chásis,2025,BPS X7 Chásis,Chasís Cabina,Automático,2,Regular,RWD,528734.0,/SSCMEX/BPS/X7/2025/2BH.JPG,847670620250320,No Disponible / No Disponible,No disponible,Estándar,No Disponible,No Disponible,No Disponible,Estándar,Estándar / No Disponible,No Disponible,No Disponible ,Estándar,Estándar,528734.00,No disponible,No Disponible,"13"" Acero",,2,No disponible,,Estándar / No Disponible / No Disponible,No Disponible / No Disponible,No disponible,No Disponible ,,82,No Disponible / No Disponible,No Disponible ,No disponible,No disponible,No Disponible,Estándar,trasera,No Disponible ,No disponible,No disponible,No disponible,No Disponible,No Disponible / No Disponible,Automático,No disponible,"13"" Acero",No Disponible ,No Disponible,No disponible,No disponible,No Disponible / No Disponible,No Disponible ,No Disponible,No Disponible,No Disponible / No Disponible / No Disponible,No Disponible,No Disponible,No Disponible ,4200,Eléctrico,No Disponible
BPS,X7,Chásis,2025,BPS X7 Chásis,Chasís Cabina,Automático,2,Regular,RWD,528734.0,/SSCMEX/BPS/X7/2025/2BH.JPG,847670620250320,No Disponible / No Disponible,No disponible,Estándar,No Disponible,No Disponible,No Disponible,Estándar,Estándar / No Disponible,No Disponible,No Disponible ,Estándar,Estándar,528734.00,No disponible,No Disponible,"13"" Acero",,2,No disponible,,Estándar / No Disponible / No Disponible,No Disponible / No Disponible,No disponible,No Disponible ,,82,No Disponible / No Disponible,No Disponible ,No disponible,No disponible,No Disponible,Estándar,trasera,No Disponible ,No disponible,No disponible,No disponible,No Disponible,No Disponible / No Disponible,Automático,No disponible,"13"" Acero",No Disponible ,No Disponible,No disponible,No disponible,No Disponible / No Disponible,No Disponible ,No Disponible,No Disponible,No Disponible / No Disponible / No Disponible,No Disponible,No Disponible,No Disponible ,4200,Eléctrico,No Disponible
CUPRA,Formentor,VZ 2.0 TSI 333HP DSG7 Edición Especial,2025,CUPRA Formentor VZ 2.0 TSI 333HP DSG7 Edición Especial,Todo Terreno,Automático,5,No disponible,4WD,1168900.0,/SSCMEX/CUPRA/FORMENTOR/2025/5OD-4.JPG,846897420250601,No Disponible / No Disponible,No disponible,Estándar,Estándar,Estándar,Estándar,Estándar,Estándar / Estándar,Estándar,No Disponible ,No Disponible,Estándar,1097900.00,No disponible,No Disponible,"19"" Aluminio",,5,Tres,,Estándar / No Disponible / No Disponible,Estándar / Estándar,No disponible,Estándar ,,333,Estándar / Estándar,Estándar ,No disponible,No disponible,Estándar,Estándar,4x4,"L, Estándar ",Opcional Ante O Similar,12.1,No disponible,Estándar,Estándar / No Disponible,Automático,Led ,"19"" Aluminio",Estándar ,No Disponible,Incluido,2.0L En Línea4,No Disponible / No Disponible,Estándar ,Estándar,No Disponible,Estándar / Estándar / No Disponible,No Disponible,Estándar,Estándar ,4451,Gasolina Premium,No Disponible
CUPRA,Leon,2.0 TSI 300HP DSG7 Edición Especial,2025,CUPRA Leon 2.0 TSI 300HP DSG7 Edición Especial,Hatchback,Automático,5,No disponible,FWD,986900.0,/SSCMEX/CUPRA/LEON/2025/5HA.JPG,846897720250601,No disponible,No disponible,Estándar,Estándar,No Disponible,No disponible,No disponible,No disponible,No disponible,No Disponible ,No Disponible,No disponible,952900.00,No disponible,No disponible,"19"" Aluminio",,No disponible,No disponible,,No disponible,No disponible,No disponible,Estándar ,,300,Estándar / Estándar,Estándar ,No disponible,No disponible,No disponible,Estándar,delantera,"Estándar , C",No disponible,No disponible,No disponible,Estándar,Estándar / No Disponible,Automático,Led ,"19"" Aluminio",No disponible,No Disponible,Incluido,2.0L En Línea4,No Disponible / No Disponible,No Disponible ,Estándar,No disponible,Estándar / Estándar / No Disponible,No Disponible,Estándar,No disponible,4398,Gasolina Premium,No Disponible
CUPRA,Leon,2.0 TSI 300HP DSG7 Edición Especial,2025,CUPRA Leon 2.0 TSI 300HP DSG7 Edición Especial,Hatchback,Automático,5,No disponible,FWD,986900.0,/SSCMEX/CUPRA/LEON/2025/5HA.JPG,846897720250601,No disponible,No disponible,No disponible,No disponible,No disponible,No disponible,No disponible,No disponible,No disponible,No disponible,No Disponible,No disponible,952900.00,No disponible,No disponible,"19"" Aluminio",,No disponible,No disponible,,No disponible,No disponible,No disponible,No disponible,,300,No disponible,No disponible,No disponible,No disponible,No disponible,No disponible,delantera,No disponible,No disponible,No disponible,No disponible,No disponible,No disponible,Automático,No disponible,"19"" Aluminio",No disponible,No disponible,No disponible,2.0L En Línea4,No disponible,No disponible,No disponible,No disponible,No disponible,No disponible,No disponible,No disponible,4398,Gasolina Premium,No disponible
CUPRA,Leon,León 190HP DSG,2024,CUPRA Leon León 190HP DSG,Hatchback,Automático,5,No disponible,FWD,634900.0,/SSCMEX/CUPRA/LEON/2024/5HA.JPG,839137320241001,No Disponible / No Disponible,No disponible,Estándar,Estándar,No Disponible,Estándar,Estándar,Estándar / Estándar,Estándar,No Disponible ,No Disponible,Estándar,607900.00,No disponible,No Disponible,"18"" Aluminio",,5,Tres,,Estándar / No Disponible / No Disponible,No Disponible / No Disponible,No disponible,"Estándar , Electronic Stability Program (ESP)",,190,Estándar / Estándar,No Disponible ,No disponible,No disponible,"Keyless Advanced , Estándar",Estándar,delantera,"Estándar , C",Opcional Piel Sintética,16.9,No disponible,Estándar,No Disponible / No Disponible,Automático,Led ,"18"" Aluminio",No Disponible ,No Disponible,No disponible,2.0L En Línea4,No Disponible / No Disponible,No Disponible ,Estándar,No Disponible,Estándar / No Disponible / No Disponible,No Disponible,No Disponible,Estándar ,4398,Gasolina Premium,No Disponible
CUPRA,Leon,León 190HP DSG,2024,CUPRA Leon León 190HP DSG,Hatchback,Automático,5,No disponible,FWD,634900.0,/SSCMEX/CUPRA/LEON/2024/5HA.JPG,839137320241001,No Disponible / No Disponible,No disponible,Estándar,Estándar,No Disponible,Estándar,Estándar,Estándar / Estándar,Estándar,No Disponible ,No Disponible,Estándar,607900.00,No disponible,No Disponible,"18"" Aluminio",,5,Tres,,Estándar / No Disponible / No Disponible,No Disponible / No Disponible,No disponible,"Estándar , Electronic Stability Program (ESP)",,190,Estándar / Estándar,No Disponible ,No disponible,No disponible,"Keyless Advanced , Estándar",Estándar,delantera,"Estándar , C",Opcional Piel Sintética,16.9,No disponible,Estándar,No Disponible / No Disponible,Automático,Led ,"18"" Aluminio",No Disponible ,No Disponible,No disponible,2.0L En Línea4,No Disponible / No Disponible,No Disponible ,Estándar,No Disponible,Estándar / No Disponible / No Disponible,No Disponible,No Disponible,Estándar ,4398,Gasolina Premium,No Disponible
CUPRA,Leon,León 300HP DSG,2024,CUPRA Leon León 300HP DSG,Hatchback,Automático,5,No disponible,FWD,784900.0,/SSCMEX/CUPRA/LEON/2024/5HA.JPG,826705320241201,No Disponible / No Disponible,No disponible,Estándar,Estándar,No Disponible,Estándar,Estándar,Estándar / Estándar,Estándar,No Disponible ,No Disponible,Estándar,699900.00,No disponible,No Disponible,"19"" Aluminio",,5,Tres,,Estándar / No Disponible / No Disponible,No Disponible / No Disponible,No disponible,"Estándar , Electronic Stability Program (ESP)",,300,Estándar / Estándar,No Disponible ,No disponible,No disponible,"Keyless Advanced , Estándar",Estándar,delantera,"Estándar , C",Opcional Piel Sintética,15.2,No disponible,Estándar,Estándar / No Disponible,Automático,Led ,"19"" Aluminio",No Disponible ,No Disponible,Incluido,2.0L En Línea4,No Disponible / No Disponible,No Disponible ,Estándar,No Disponible,Estándar / Estándar / No Disponible,No Disponible,No Disponible,Estándar ,4398,Gasolina Premium,No Disponible
CUPRA,Leon,León 300HP DSG,2024,CUPRA Leon León 300HP DSG,Hatchback,Automático,5,No disponible,FWD,784900.0,/SSCMEX/CUPRA/LEON/2024/5HA.JPG,826705320241201,No Disponible / No Disponible,No disponible,Estándar,Estándar,No Disponible,Estándar,Estándar,Estándar / Estándar,Estándar,No Disponible ,No Disponible,Estándar,699900.00,No disponible,No Disponible,"19"" Aluminio",,5,Tres,,Estándar / No Disponible / No Disponible,No Disponible / No Disponible,No disponible,"Estándar , Electronic Stability Program (ESP)",,300,Estándar / Estándar,No Disponible ,No disponible,No disponible,"Keyless Advanced , Estándar",Estándar,delantera,"Estándar , C",Opcional Piel Sintética,15.2,No disponible,Estándar,Estándar / No Disponible,Automático,Led ,"19"" Aluminio",No Disponible ,No Disponible,Incluido,2.0L En Línea4,No Disponible / No Disponible,No Disponible ,Estándar,No Disponible,Estándar / Estándar / No Disponible,No Disponible,No Disponible,Estándar ,4398,Gasolina Premium,No Disponible
Chevrolet,Camaro,SS G Edición de Coleccionistas Coupé,2024,Chevrolet Camaro SS G Edición de Coleccionistas Coupé,Coupe,Automático,2,No disponible,RWD,1414900.0,/SSCMEX/CHEVROLET/CAMARO/2024/2CO.JPG,840800020240201,Estándar / Estándar,No disponible,Estándar,Estándar,No Disponible,Estándar,Estándar,Estándar / No Disponible,Estándar,No Disponible ,No Disponible,Estándar,1414900.00,No disponible,No Disponible,"20"" Aluminio",,4,Dos,,Estándar / No Disponible / No Disponible,Estándar / Estándar,No disponible,Estándar ,,455,Estándar / Estándar,Estándar ,No disponible,No disponible,Estándar,Estándar,trasera,No Disponible ,Opcional Ante O Similar,10.7,No disponible,Estándar,Estándar / Estándar,Automático,Led ,"20"" Aluminio",No Disponible ,No Disponible,Incluido,6.2L En V8,No Disponible / No Disponible,No Disponible ,Estándar,No Disponible,Estándar / No Disponible / No Disponible,No Disponible,Estándar,Estándar ,4783,Gasolina Premium,No Disponible
Chevrolet,Camaro,ZL1 Z Edición de Coleccionistas Coupé,2024,Chevrolet Camaro ZL1 Z Edición de Coleccionistas Coupé,Coupe,Automático,2,No disponible,RWD,2314900.0,/SSCMEX/CHEVROLET/CAMARO/2024/2CO.JPG,840799920240201,Estándar / Estándar,No disponible,Estándar,Estándar,No Disponible,Estándar,Estándar,Estándar / Estándar,Estándar,No Disponible ,No Disponible,Estándar,2314900.00,No disponible,No Disponible,"20"" Aluminio",,4,Dos,,Estándar / No Disponible / No Disponible,Estándar / Estándar,No disponible,Estándar ,,650,Estándar / Estándar,Estándar ,No disponible,No disponible,Estándar,Estándar,trasera,No Disponible ,Ante O Similar,8.1,No disponible,Estándar,Estándar / Estándar,Automático,Xenón ,"20"" Aluminio",No Disponible ,No Disponible,Incluido,6.2L En V8,No Disponible / No Disponible,No Disponible ,Estándar,No Disponible,Estándar / No Disponible / No Disponible,No Disponible,Estándar,Estándar ,4831,Gasolina Premium,No Disponible
Chevrolet,Cavalier Turbo,LS Automático A,2024,Chevrolet Cavalier Turbo LS Automático A,Sedan,Automático,4,No disponible,FWD,440900.0,/SSCMEX/CHEVROLET/CAVALIER/2024/4SA.JPG,828391520241203,No Disponible / No Disponible,No disponible,Estándar,Estándar,No Disponible,No Disponible,Estándar,Estándar / Estándar,Estándar,No Disponible ,No Disponible,Estándar,340900.00,No disponible,No Disponible,"16"" Aluminio",,5,No disponible,,Estándar / No Disponible / No Disponible,No Disponible / No Disponible,No disponible,Estándar ,,161,Estándar / Estándar,No Disponible ,No disponible,No disponible,No Disponible,Estándar,delantera,"Visualización De Guía, Estándar ",Opcional Tela,19.1,No disponible,No Disponible,No Disponible / No Disponible,Automático,Led ,"16"" Aluminio",No Disponible ,No Disponible,No disponible,1.3L En Línea3,No Disponible / No Disponible,No Disponible ,No Disponible,No Disponible,Estándar / No Disponible / No Disponible,No Disponible,No Disponible,No Disponible ,4614,Gasolina Premium,No Disponible
Chevrolet,Cavalier Turbo,LT Automático B,2024,Chevrolet Cavalier Turbo LT Automático B,Sedan,Automático,4,No disponible,FWD,470900.0,/SSCMEX/CHEVROLET/CAVALIER/2024/4SA.JPG,828391620241203,No Disponible / No Disponible,No disponible,Estándar,Estándar,No Disponible,Estándar,Estándar,Estándar / Estándar,Estándar,No Disponible ,No Disponible,Estándar,370900.00,No disponible,No Disponible,"16"" Aluminio",,5,No disponible,,Estándar / No Disponible / No Disponible,No Disponible / No Disponible,No disponible,Estándar ,,161,Estándar / Estándar,No Disponible ,No disponible,No disponible,No Disponible,Estándar,delantera,"Visualización De Guía, Estándar ",Opcional Piel Sintética,19.1,No disponible,No Disponible,No Disponible / No Disponible,Automático,Led ,"16"" Aluminio",No Disponible ,No Disponible,No disponible,1.3L En Línea3,No Disponible / No Disponible,No Disponible ,No Disponible,No Disponible,Estándar / No Disponible / No Disponible,No Disponible,No Disponible,Estándar ,4614,Gasolina Premium,No Disponible
Chevrolet,Groove,LT Automático E,2024,Chevrolet Groove LT Automático E,Todo Terreno,Automático,5,No disponible,FWD,418900.0,/SSCMEX/CHEVROLET/GROOVE/2024/5OD.JPG,829071520240516,No Disponible / No Disponible,No disponible,Estándar,Estándar,Estándar,No Disponible,Estándar,Estándar / Estándar,Estándar,No Disponible ,No Disponible,Estándar,393900.00,No disponible,No Disponible,"16"" Aluminio",,5,No disponible,,Estándar / No Disponible / No Disponible,No Disponible / No Disponible,No disponible,"StabiliTrak, Estándar ",,98,Estándar / Estándar,No Disponible ,No disponible,No disponible,No Disponible,Estándar,delantera,"Visualización De Guía, Estándar ",Opcional Tela,16.8,No disponible,Estándar,No Disponible / No Disponible,Automático,Halógeno ,"16"" Aluminio",No Disponible ,No Disponible,No disponible,1.5L En Línea4,No Disponible / No Disponible,No Disponible ,No Disponible,No Disponible,Estándar / No Disponible / No Disponible,No Disponible,No Disponible,Estándar ,4220,Gasolina Premium,No Disponible
Chevrolet,Groove,LT Automático E,2025,Chevrolet Groove LT Automático E,Todo Terreno,Automático,5,No disponible,FWD,433400.0,/SSCMEX/CHEVROLET/GROOVE/2025/5OD.JPG,829071520250501,No Disponible / No Disponible,No disponible,Estándar,Estándar,Estándar,No Disponible,Estándar,No disponible,No disponible,No Disponible ,No Disponible,Estándar,388400.00,No disponible,No Disponible,"16"" Aluminio",,5,No disponible,,Estándar / No Disponible / No Disponible,No Disponible / No Disponible,No disponible,Estándar ,,98,Estándar / Estándar,No Disponible ,No disponible,No disponible,No Disponible,Estándar,delantera,"Visualización De Guía, Estándar ",Opcional Tela,16.8,No disponible,Estándar,No Disponible / No Disponible,Automático,Halógeno ,"16"" Aluminio",No Disponible ,No Disponible,No disponible,1.5L En Línea4,No Disponible / No Disponible,No Disponible ,No Disponible,No Disponible,Estándar / No Disponible / No Disponible,No Disponible,No Disponible,Estándar ,4220,Gasolina Premium,No Disponible
DongFeng,Rich 6,4x4 Diésel,2025,DongFeng Rich 6 4x4 Diésel,Pick-up,Manual,4,Extra Extendida,4WD,605500.0,/SSCMEX/DONGFENG/RICH 6/2025/4PU-4.JPG,848571620250530,No Disponible / No Disponible,No disponible,Estándar,No Disponible,Estándar,No Disponible,Estándar,Estándar / Estándar,Estándar,No Disponible ,No Disponible,Estándar,605500.00,No disponible,No Disponible,"16"" Aluminio",,5,Una,,Estándar / No Disponible / No Disponible,No Disponible / No Disponible,No disponible,Estándar ,,138,Estándar / Estándar,No Disponible ,No disponible,No disponible,Estándar,Estándar,4x4,No Disponible ,Opcional Piel Sintética,No disponible,No disponible,No Disponible,No Disponible / No Disponible,Manual,Halógeno ,"16"" Aluminio",No Disponible ,No Disponible,No disponible,2.5L En Línea4,No Disponible / No Disponible,No Disponible ,Estándar,No Disponible,No Disponible / No Disponible / No Disponible,No Disponible,No Disponible,No Disponible ,5290,Gasolina,No Disponible
GWM,Tank 300,Luxury Híbrido Launching Edition,2024,GWM Tank 300 Luxury Híbrido Launching Edition,Todo Terreno,Automático,5,No disponible,4WD,899900.0,/SSCMEX/GWM/TANK 300/2024/5OD-4.JPG,842070820240312,Estándar / Estándar,Hibrido Activo,Estándar,Estándar,Estándar,Estándar,Estándar,Estándar / Estándar,Estándar,No Disponible ,No Disponible,Estándar,899900.00,No disponible,No Disponible,"18"" Aluminio",,5,Dos,,Estándar / No Disponible / Estándar,Estándar / Estándar,No disponible,"Estándar , ESC (Electronic Stability Control)",,347,Estándar / Estándar,Estándar ,No disponible,No disponible,Estándar,Estándar,4x4,"J, Estándar ",Cuero Premium,11.9,No disponible,Estándar,No Disponible / No Disponible,Automático,Led High Beam Control (HBC),"18"" Aluminio",No Disponible ,No Disponible,Incluido,2.0L En Línea4,No Disponible / No Disponible,Estándar ,Estándar,No Disponible,Estándar / No Disponible / No Disponible,No Disponible,Estándar,Estándar ,4760,Gasolina Premium,No Disponible
GWM,Tank 300,Luxury Híbrido Launching Edition,2025,GWM Tank 300 Luxury Híbrido Launching Edition,Todo Terreno,Automático,5,No disponible,4WD,909900.0,/SSCMEX/GWM/TANK 300/2025/5OD-4.JPG,842070820250401,Estándar / Estándar,Hibrido Activo,Estándar,Estándar,Estándar,Estándar,Estándar,Estándar / Estándar,Estándar,No Disponible ,No Disponible,Estándar,909900.00,No disponible,No Disponible,"18"" Aluminio",,5,Dos,,Estándar / No Disponible / Estándar,Estándar / Estándar,No disponible,Estándar ,,341,Estándar / Estándar,Estándar ,No disponible,No disponible,Estándar,Estándar,4x4,"J, Estándar ",Opcional Cuero Premium,11.9,No disponible,Estándar,No Disponible / No Disponible,Automático,Led ,"18"" Aluminio",No Disponible ,No Disponible,Incluido,2.0L En Línea4,No Disponible / No Disponible,Estándar ,Estándar,No Disponible,Estándar / No Disponible / No Disponible,No Disponible,Estándar,Estándar ,4760,Gasolina Premium,No Disponible
Hyundai,Tucson,Limited Híbrida,2024,Hyundai Tucson Limited Híbrida,Todo Terreno,Automático,5,No disponible,FWD,833200.0,/SSCMEX/HYUNDAI/TUCSON/2024/5OD.JPG,834089620240201,No Disponible / No Disponible,Hibrido Activo,Estándar,Estándar,Estándar,Estándar,Estándar,Estándar / Estándar,Estándar,No Disponible ,No Disponible,Estándar,833200.00,No disponible,No Disponible,"19"" Aluminio",,5,Tres,,Estándar / No Disponible / Estándar,No Disponible / No Disponible,No disponible,"Estándar , Electronic Stability Control (ESC)",,226,Estándar / Estándar,"Forward Collision-Avoidance Assistance (FCA) with Junction Turning Function (JT), Estándar ",No disponible,No disponible,Estándar,Estándar,delantera,"Visualización De Guía, Estándar ",Opcional Piel,21.6,No disponible,Estándar,No Disponible / No Disponible,Automático,Led ,"19"" Aluminio",Estándar ,No Disponible,Incluido,1.6L En Línea4,No Disponible / No Disponible,No Disponible ,No Disponible,No Disponible,Estándar / No Disponible / No Disponible,No Disponible,Estándar,"Smart Cruise Control (SCC), Estándar ",4500,Gasolina Premium,No Disponible
Hyundai,Tucson,Limited Híbrida,2025,Hyundai Tucson Limited Híbrida,Todo Terreno,Automático,5,No disponible,FWD,874300.0,/SSCMEX/HYUNDAI/TUCSON/2025/5OD.JPG,834089620250401,No Disponible / No Disponible,Hibrido Activo,Estándar,Estándar,Estándar,Estándar,Estándar,Estándar / Estándar,Estándar,No Disponible ,No Disponible,Estándar,874300.00,No disponible,No Disponible,"19"" Aluminio",,5,Tres,,Estándar / No Disponible / Estándar,No Disponible / No Disponible,No disponible,Estándar ,,226,Estándar / Estándar,Estándar ,No disponible,No disponible,Estándar,Estándar,delantera,"Visualización De Guía, Estándar ",Opcional Piel,21.6,No disponible,Estándar,No Disponible / No Disponible,Automático,Led ,"19"" Aluminio",Estándar ,No Disponible,Incluido,1.6L En Línea4,No Disponible / No Disponible,No Disponible ,No Disponible,No Disponible,Estándar / No Disponible / No Disponible,No Disponible,Estándar,Estándar ,4500,Gasolina Premium,No Disponible
JMC,Ev Black,Eléctrico,2024,JMC Ev Black Eléctrico,Sedan,Automático,4,No disponible,AWD,689900.0,/SSCMEX/JMC/EV-BLACK/2024/4SA-4.JPG,838135920240708,No Disponible / No Disponible,No disponible,No Disponible,Estándar,No Disponible,No Disponible,Estándar,Estándar / Estándar,Estándar,No Disponible ,Estándar,Estándar,689900.00,No disponible,No Disponible,"17"" Aluminio",,5,No disponible,,Estándar / No Disponible / No Disponible,No Disponible / No Disponible,No disponible,"Estándar , ESP",,160,Estándar / Estándar,No Disponible ,No disponible,No disponible,Estándar,Estándar,4x4,No Disponible ,No disponible,No disponible,No disponible,Estándar,No Disponible / No Disponible,Automático,Led ,"17"" Aluminio",No Disponible ,No Disponible,No disponible,No disponible,No Disponible / No Disponible,Estándar ,No Disponible,No Disponible,Estándar / No Disponible / No Disponible,No Disponible,No Disponible,Estándar ,4675,Eléctrico,No Disponible
MINI,Cooper,John Cooper Works Eléctrico,2025,MINI Cooper John Cooper Works Eléctrico,Hatchback,Automático,3,No disponible,FWD,855000.0,/SSCMEX/MINI/COOPER/2025/3HA.JPG,847086820250201,No Disponible / No Disponible,No disponible,Estándar,Estándar,No Disponible,Estándar,Estándar,Estándar / No Disponible,Estándar,No Disponible ,Estándar,Estándar,855000.00,No disponible,No Disponible,"18"" Aluminio",,4,Dos,,Estándar / No Disponible / Estándar,No Disponible / No Disponible,No disponible,Estándar ,,258,Estándar / Estándar,Estándar ,No disponible,No disponible,Estándar,Estándar,delantera,"L, Estándar ",Opcional Tela,No disponible,No disponible,Estándar,No Disponible / No Disponible,Automático,Led ,"18"" Aluminio",No Disponible ,Estándar,No disponible,No disponible,No Disponible / No Disponible,No Disponible ,No Disponible,No Disponible,Estándar / No Disponible / No Disponible,No Disponible,No Disponible,Estándar ,3858,Eléctrico,No Disponible
MINI,Cooper,John Cooper Works Eléctrico,2026,MINI Cooper John Cooper Works Eléctrico,Hatchback,Automático,3,No disponible,FWD,899000.0,/SSCMEX/MINI/COOPER/2026/3HA.JPG,847086820250530,No Disponible / No Disponible,No disponible,Estándar,Estándar,No Disponible,Estándar,Estándar,Estándar / No Disponible,Estándar,No Disponible ,Estándar,Estándar,899000.00,No disponible,No Disponible,"18"" Aluminio",,4,Dos,,Estándar / No Disponible / Estándar,No Disponible / No Disponible,No disponible,Estándar ,,258,Estándar / Estándar,Estándar ,No disponible,No disponible,Estándar,Estándar,delantera,"L, Estándar ",Opcional Tela,No disponible,No disponible,Estándar,No Disponible / No Disponible,Automático,Led ,"18"" Aluminio",No Disponible ,Estándar,No disponible,No disponible,No Disponible / No Disponible,No Disponible ,No Disponible,No Disponible,Estándar / No Disponible / No Disponible,No Disponible,No Disponible,Estándar ,3858,Eléctrico,No Disponible
Porsche,911,50 Años Turbo,2025,Porsche 911 50 Años Turbo,Coupe,Automático,2,No disponible,4WD,4998000.0,/SSCMEX/PORSCHE/911/2025/2CO-4.JPG,844980020240923,Opcional / Opcional,No disponible,Estándar,Estándar,No Disponible,Opcional,Estándar,Estándar / No Disponible,Estándar,No Disponible ,No Disponible,Estándar,4998000.00,No disponible,No Disponible,"21"" Aluminio, Opcional 21x12.0"" Aluminio",,4,Dos,,Estándar / No Disponible / No Disponible,Estándar / Estándar,No disponible,Estándar ,,650,Estándar / Estándar,Opcional ,No disponible,No disponible,Estándar,Estándar,4x4,Opcional Visualización De Guía,Piel,8.7,No disponible,No Disponible,No Disponible / No Disponible,Automático,Led ,"20"" Aluminio, Opcional 20x9.5"" Aluminio",No Disponible ,No Disponible,No disponible,3.7L Horizontal6,No Disponible / No Disponible,Opcional ,No Disponible,No Disponible,Estándar / No Disponible / No Disponible,No Disponible,Opcional,Opcional ,4535,Gasolina Premium,No Disponible
Tesla,Model 3,Autonomía Estandar Plus,2024,Tesla Model 3 Autonomía Estandar Plus,Sedan,Automático,4,No disponible,RWD,749000.0,/SSCMEX/TESLA/MODEL 3/2024/4SA.JPG,808062120240926,No Disponible / No Disponible,No disponible,Estándar,No Disponible,No Disponible,No Disponible,Estándar,Estándar / Estándar,Estándar,"Visualización De Guía, Opcional Estacionamiento Automatico",Estándar,Estándar,749000.00,No disponible,No Disponible,"18"" Aluminio, Opcional 19x8.5"" Aluminio",,5,Dos,,Estándar / No Disponible / No Disponible,Opcional / Opcional,No disponible,Estándar ,,325,Estándar / Estándar,"Estándar , Emergency Braking",No disponible,No disponible,Estándar,Estándar,trasera,"Visualización De Guía, Opcional Estacionamiento Automatico",Opcional Piel Sintética,No disponible,No disponible,No Disponible,Estándar / Estándar,Automático,Led ,"18"" Aluminio, Opcional 19x8.5"" Aluminio",No Disponible ,Estándar,Incluido,No disponible,No Disponible / No Disponible,No Disponible ,Estándar,No Disponible,Estándar / No Disponible / No Disponible,No Disponible,Estándar,Opcional Traffic-aware,4694,Eléctrico,No Disponible
Volkswagen,Amarok,Aventura Diésel,2025,Volkswagen Amarok Aventura Diésel,Pick-up,Automático,4,Cabina Doble,AWD,1112577.0,/SSCMEX/VOLKSWAGEN/AMAROK/2025/4PU-4-C.JPG,845141020250601,No Disponible / No Disponible,No disponible,Estándar,Estándar,Estándar,No Disponible,Estándar,Estándar / Estándar,Estándar,"M, Estándar ",No Disponible,Estándar,1112577.00,No disponible,No Disponible,"20"" Aluminio",,5,Dos,,Estándar / No Disponible / No Disponible,Estándar / Estándar,No disponible,Estándar ,,210,Estándar / Estándar,Estándar ,No disponible,No disponible,Estándar,Estándar,4x4,"M, Estándar ",Opcional Piel,13.8,No disponible,Estándar,Estándar / No Disponible,Automático,Led ,"20"" Aluminio",No Disponible ,No Disponible,No disponible,2.0L En Línea4,No Disponible / No Disponible,Estándar ,Estándar,No Disponible,Estándar / No Disponible / No Disponible,No Disponible,Estándar,Estándar ,5350,Diesel,No Disponible
Volkswagen,Amarok,Life Diésel,2025,Volkswagen Amarok Life Diésel,Pick-up,Automático,4,Cabina Doble,AWD,886577.0,/SSCMEX/VOLKSWAGEN/AMAROK/2025/4PU-4-C.JPG,845140420250601,No Disponible / No Disponible,No disponible,Estándar,Estándar,Estándar,No Disponible,Estándar,Estándar / Estándar,Estándar,No Disponible ,No Disponible,Estándar,886577.00,No disponible,No Disponible,"17"" Aluminio",,5,No disponible,,Estándar / No Disponible / No Disponible,No Disponible / No Disponible,No disponible,Estándar ,,170,Estándar / Estándar,No Disponible ,No disponible,No disponible,No Disponible,Estándar,4x4,"Visualización De Guía, Estándar ",Opcional Tela,14.1,No disponible,Estándar,Estándar / No Disponible,Automático,Led ,"17"" Aluminio",No Disponible ,No Disponible,No disponible,2.0L En Línea4,No Disponible / No Disponible,No Disponible ,Estándar,No Disponible,Estándar / No Disponible / No Disponible,No Disponible,No Disponible,Estándar ,5350,Diesel,No Disponible
Volkswagen,Amarok,Life Diésel sin Tirón de Arraste,2024,Volkswagen Amarok Life Diésel sin Tirón de Arraste,Pick-up,Automático,4,Cabina Doble,AWD,868000.0,/SSCMEX/VOLKSWAGEN/AMAROK/2024/4PU-4-C.JPG,847570620250306,No Disponible / No Disponible,No disponible,Estándar,Estándar,Estándar,No Disponible,Estándar,Estándar / Estándar,Estándar,No Disponible ,No Disponible,Estándar,732220.00,No disponible,No Disponible,"17"" Aluminio",,5,No disponible,,Estándar / No Disponible / No Disponible,No Disponible / No Disponible,No disponible,Estándar ,,170,Estándar / Estándar,No Disponible ,No disponible,No disponible,No Disponible,Estándar,4x4,"Visualización De Guía, Estándar ",Opcional Tela,14.1,No disponible,Estándar,Estándar / No Disponible,Automático,Led ,"17"" Aluminio",No Disponible ,No Disponible,No disponible,2.0L En Línea4,No Disponible / No Disponible,No Disponible ,Estándar,No Disponible,Estándar / No Disponible / No Disponible,No Disponible,No Disponible,Estándar ,5350,Diesel,No Disponible
Volkswagen,Amarok,Life Diésel sin Tirón de Arraste,2025,Volkswagen Amarok Life Diésel sin Tirón de Arraste,Pick-up,Automático,4,Cabina Doble,AWD,869000.0,/SSCMEX/VOLKSWAGEN/AMAROK/2025/4PU-4-C.JPG,847570620250601,No Disponible / No Disponible,No disponible,Estándar,Estándar,Estándar,No Disponible,Estándar,Estándar / Estándar,Estándar,No Disponible ,No Disponible,Estándar,869000.00,No disponible,No Disponible,"17"" Aluminio",,5,No disponible,,Estándar / No Disponible / No Disponible,No Disponible / No Disponible,No disponible,Estándar ,,170,Estándar / Estándar,No Disponible ,No disponible,No disponible,No Disponible,Estándar,4x4,"Visualización De Guía, Estándar ",Opcional Tela,14.1,No disponible,Estándar,Estándar / No Disponible,Automático,Led ,"17"" Aluminio",No Disponible ,No Disponible,No disponible,2.0L En Línea4,No Disponible / No Disponible,No Disponible ,Estándar,No Disponible,Estándar / No Disponible / No Disponible,No Disponible,No Disponible,Estándar ,5350,Diesel,No Disponible
Volkswagen,Amarok,Life Gasolina sin Tirón de Arraste,2024,Volkswagen Amarok Life Gasolina sin Tirón de Arraste,Pick-up,Automático,4,Cabina Doble,AWD,858000.0,/SSCMEX/VOLKSWAGEN/AMAROK/2024/4PU-4-C.JPG,847570520250306,No Disponible / No Disponible,No disponible,Estándar,Estándar,Estándar,No Disponible,Estándar,Estándar / Estándar,Estándar,No Disponible ,No Disponible,Estándar,722220.00,No disponible,No Disponible,"17"" Aluminio",,5,No disponible,,Estándar / No Disponible / No Disponible,No Disponible / No Disponible,No disponible,Estándar ,,302,Estándar / Estándar,No Disponible ,No disponible,No disponible,No Disponible,Estándar,4x4,"Visualización De Guía, Estándar ",Opcional Tela,12.3,No disponible,Estándar,Estándar / No Disponible,Automático,Led ,"17"" Aluminio",No Disponible ,No Disponible,No disponible,2.3L En Línea4,No Disponible / No Disponible,No Disponible ,Estándar,No Disponible,Estándar / No Disponible / No Disponible,No Disponible,No Disponible,Estándar ,5350,Gasolina Premium,No Disponible
Volkswagen,Amarok,Life Gasolina sin Tirón de Arraste,2025,Volkswagen Amarok Life Gasolina sin Tirón de Arraste,Pick-up,Automático,4,Cabina Doble,AWD,859000.0,/SSCMEX/VOLKSWAGEN/AMAROK/2025/4PU-4-C.JPG,847570520250601,No Disponible / No Disponible,No disponible,Estándar,Estándar,Estándar,No Disponible,Estándar,Estándar / Estándar,Estándar,No Disponible ,No Disponible,Estándar,859000.00,No disponible,No Disponible,"17"" Aluminio",,5,No disponible,,Estándar / No Disponible / No Disponible,No Disponible / No Disponible,No disponible,Estándar ,,302,Estándar / Estándar,No Disponible ,No disponible,No disponible,No Disponible,Estándar,4x4,"Visualización De Guía, Estándar ",Opcional Tela,12.3,No disponible,Estándar,Estándar / No Disponible,Automático,Led ,"17"" Aluminio",No Disponible ,No Disponible,No disponible,2.3L En Línea4,No Disponible / No Disponible,No Disponible ,Estándar,No Disponible,Estándar / No Disponible / No Disponible,No Disponible,No Disponible,Estándar ,5350,Gasolina Premium,No Disponible
Volkswagen,Amarok,Panamericana Diésel,2025,Volkswagen Amarok Panamericana Diésel,Pick-up,Automático,4,Cabina Doble,AWD,1056577.0,/SSCMEX/VOLKSWAGEN/AMAROK/2025/4PU-4-C.JPG,845140920250601,No Disponible / No Disponible,No disponible,Estándar,Estándar,Estándar,No Disponible,Estándar,Estándar / Estándar,Estándar,"M, Estándar ",No Disponible,Estándar,1056577.00,No disponible,No Disponible,"18"" Aluminio",,5,Dos,,Estándar / No Disponible / No Disponible,Estándar / Estándar,No disponible,Estándar ,,210,Estándar / Estándar,Estándar ,No disponible,No disponible,Estándar,Estándar,4x4,"M, Estándar ",Opcional Piel,13.8,No disponible,Estándar,Estándar / No Disponible,Automático,Led ,"18"" Aluminio",No Disponible ,No Disponible,No disponible,2.0L En Línea4,No Disponible / No Disponible,Estándar ,Estándar,No Disponible,Estándar / No Disponible / No Disponible,No Disponible,Estándar,Estándar ,5350,Diesel,No Disponible
Volkswagen,Amarok,Style Diésel 170 HP sin Tirón de Arraste,2024,Volkswagen Amarok Style Diésel 170 HP sin Tirón de Arraste,Pick-up,Automático,4,Cabina Doble,AWD,939000.0,/SSCMEX/VOLKSWAGEN/AMAROK/2024/4PU-4-C.JPG,847570420250306,No Disponible / No Disponible,No disponible,Estándar,Estándar,Estándar,No Disponible,Estándar,Estándar / Estándar,Estándar,No Disponible ,No Disponible,Estándar,803220.00,No disponible,No Disponible,"18"" Aluminio",,5,Dos,,Estándar / No Disponible / No Disponible,Estándar / Estándar,No disponible,Estándar ,,170,Estándar / Estándar,Estándar ,No disponible,No disponible,Estándar,Estándar,4x4,"Visualización De Guía, Estándar ",Opcional Piel,14.1,No disponible,Estándar,Estándar / No Disponible,Automático,Led ,"18"" Aluminio",No Disponible ,No Disponible,No disponible,2.0L En Línea4,No Disponible / No Disponible,No Disponible ,Estándar,No Disponible,Estándar / No Disponible / No Disponible,No Disponible,Estándar,Estándar ,5350,Diesel,No Disponible
Volkswagen,Amarok,Style Diésel 210 HP sin Tirón de Arraste,2024,Volkswagen Amarok Style Diésel 210 HP sin Tirón de Arraste,Pick-up,Automático,4,Cabina Doble,AWD,979000.0,/SSCMEX/VOLKSWAGEN/AMAROK/2024/4PU-4-C.JPG,847570320250306,No Disponible / No Disponible,No disponible,Estándar,Estándar,Estándar,No Disponible,Estándar,Estándar / Estándar,Estándar,No Disponible ,No Disponible,Estándar,843220.00,No disponible,No Disponible,"18"" Aluminio",,5,Dos,,Estándar / No Disponible / No Disponible,Estándar / Estándar,No disponible,Estándar ,,210,Estándar / Estándar,Estándar ,No disponible,No disponible,Estándar,Estándar,4x4,"Visualización De Guía, Estándar ",Opcional Piel,13.8,No disponible,Estándar,Estándar / No Disponible,Automático,Led ,"18"" Aluminio",No Disponible ,No Disponible,No disponible,2.0L En Línea4,No Disponible / No Disponible,No Disponible ,Estándar,No Disponible,Estándar / No Disponible / No Disponible,No Disponible,Estándar,Estándar ,5350,Diesel,No Disponible
Volkswagen,Amarok,Style Diésel 210 HP sin Tirón de Arraste,2025,Volkswagen Amarok Style Diésel 210 HP sin Tirón de Arraste,Pick-up,Automático,4,Cabina Doble,AWD,999000.0,/SSCMEX/VOLKSWAGEN/AMAROK/2025/4PU-4-C.JPG,847570320250601,No Disponible / No Disponible,No disponible,Estándar,Estándar,Estándar,No Disponible,Estándar,Estándar / Estándar,Estándar,No Disponible ,No Disponible,Estándar,999000.00,No disponible,No Disponible,"18"" Aluminio",,5,Dos,,Estándar / No Disponible / No Disponible,Estándar / Estándar,No disponible,Estándar ,,210,Estándar / Estándar,Estándar ,No disponible,No disponible,Estándar,Estándar,4x4,"Visualización De Guía, Estándar ",Opcional Piel,13.8,No disponible,Estándar,Estándar / No Disponible,Automático,Led ,"18"" Aluminio",No Disponible ,No Disponible,No disponible,2.0L En Línea4,No Disponible / No Disponible,No Disponible ,Estándar,No Disponible,Estándar / No Disponible / No Disponible,No Disponible,Estándar,Estándar ,5350,Diesel,No Disponible
Volkswagen,Amarok,Style Gasolina sin Tirón de Arraste,2024,Volkswagen Amarok Style Gasolina sin Tirón de Arraste,Pick-up,Automático,4,Cabina Doble,AWD,929000.0,/SSCMEX/VOLKSWAGEN/AMAROK/2024/4PU-4-C.JPG,847570220250306,No Disponible / No Disponible,No disponible,Estándar,Estándar,Estándar,No Disponible,Estándar,Estándar / Estándar,Estándar,No Disponible ,No Disponible,Estándar,793220.00,No disponible,No Disponible,"18"" Aluminio",,5,Dos,,Estándar / No Disponible / No Disponible,Estándar / Estándar,No disponible,Estándar ,,302,Estándar / Estándar,Estándar ,No disponible,No disponible,Estándar,Estándar,4x4,"Visualización De Guía, Estándar ",Opcional Piel,12.3,No disponible,Estándar,Estándar / No Disponible,Automático,Led ,"18"" Aluminio",No Disponible ,No Disponible,No disponible,2.3L En Línea4,No Disponible / No Disponible,No Disponible ,Estándar,No Disponible,Estándar / No Disponible / No Disponible,No Disponible,Estándar,Estándar ,5350,Gasolina Premium,No Disponible
Volkswagen,Crafter,Cargo Van 3.5T LWB / Garantía Extendida,2025,Volkswagen Crafter Cargo Van 3.5T LWB / Garantía Extendida,Panel,Manual,4,Regular,FWD,1023500.0,/SSCMEX/VOLKSWAGEN/CRAFTER/2025/4PV.JPG,773534320250520,No Disponible / No Disponible,No disponible,No Disponible,No Disponible,No Disponible,No Disponible,Estándar,Estándar / No Disponible,Estándar,No Disponible ,No Disponible,Estándar,1023500.00,No disponible,No Disponible,"16"" Acero",,3,No disponible,,Estándar / No Disponible / No Disponible,No Disponible / No Disponible,No disponible,Estándar ,,140,Estándar / Estándar,Estándar ,No disponible,No disponible,No Disponible,Estándar,delantera,No Disponible ,Opcional Tela,11.7,No disponible,No Disponible,No Disponible / No Disponible,Manual,Halógeno ,"16"" Acero",No Disponible ,No Disponible,No disponible,2.0L En Línea4,No Disponible / No Disponible,No Disponible ,Opcional,No Disponible,No Disponible / No Disponible / No Disponible,No Disponible,No Disponible,No Disponible ,6386,Diesel,No Disponible
Volkswagen,Crafter,Cargo Van 3.5T MWB / Garantía Extendida,2025,Volkswagen Crafter Cargo Van 3.5T MWB / Garantía Extendida,Panel,Manual,4,Regular,FWD,999000.0,/SSCMEX/VOLKSWAGEN/CRAFTER/2025/4PV.JPG,773534220250520,No Disponible / No Disponible,No disponible,No Disponible,No Disponible,No Disponible,No Disponible,Estándar,Estándar / No Disponible,Estándar,No Disponible ,No Disponible,Estándar,999000.00,No disponible,No Disponible,"16"" Acero",,3,No disponible,,Estándar / No Disponible / No Disponible,No Disponible / No Disponible,No disponible,Estándar ,,140,Estándar / Estándar,Estándar ,No disponible,No disponible,No Disponible,Estándar,delantera,No Disponible ,Opcional Tela,11.7,No disponible,No Disponible,No Disponible / No Disponible,Manual,Halógeno ,"16"" Acero",No Disponible ,No Disponible,No disponible,2.0L En Línea4,No Disponible / No Disponible,No Disponible ,Opcional,No Disponible,No Disponible / No Disponible / No Disponible,No Disponible,No Disponible,No Disponible ,5986,Diesel,No Disponible
Volkswagen,Crafter,Cargo Van 4.8T Euro VIe LWB / Garantía E,2025,Volkswagen Crafter Cargo Van 4.8T Euro VIe LWB / Garantía E,Panel,Manual,4,Regular,RWD,1142416.0,/SSCMEX/VOLKSWAGEN/CRAFTER/2025/4PV.JPG,827897520250520,No Disponible / No Disponible,No disponible,No Disponible,No Disponible,No Disponible,No Disponible,Estándar,Estándar / No Disponible,Estándar,No Disponible ,No Disponible,Estándar,1142416.00,No disponible,No Disponible,"16"" Acero",,3,No disponible,,No Disponible / No Disponible / No Disponible,No Disponible / No Disponible,No disponible,Estándar ,,241,Estándar / Estándar,Estándar ,No disponible,No disponible,No Disponible,Estándar,trasera,No Disponible ,Opcional Tela,No disponible,No disponible,No Disponible,No Disponible / No Disponible,Manual,Halógeno ,"16"" Acero",No Disponible ,No Disponible,No disponible,2.0L En Línea4,No Disponible / No Disponible,No Disponible ,No Disponible,No Disponible,No Disponible / No Disponible / No Disponible,No Disponible,No Disponible,No Disponible ,6386,Diesel,No Disponible
Volkswagen,Crafter,Chasis 3.5T / Garantía Extendida (2+3),2025,Volkswagen Crafter Chasis 3.5T / Garantía Extendida (2+3),Chasís Cabina,Manual,2,Regular,FWD,925000.0,/SSCMEX/VOLKSWAGEN/CRAFTER/2025/2BH.JPG,819881520250520,No Disponible / No Disponible,No disponible,No Disponible,Opcional,No Disponible,No Disponible,Estándar,Estándar / No Disponible,Estándar,No Disponible ,No Disponible,Estándar,925000.00,No disponible,No Disponible,"16"" Acero",,3,No disponible,,Estándar / No Disponible / No Disponible,No Disponible / No Disponible,No disponible,Estándar ,,140,Estándar / Estándar,Estándar ,No disponible,No disponible,No Disponible,Estándar,delantera,No Disponible ,Tela,11.7,No disponible,Opcional,No Disponible / No Disponible,Manual,Halógeno ,"16"" Acero",No Disponible ,No Disponible,No disponible,2.0L En Línea4,No Disponible / No Disponible,No Disponible ,Opcional,No Disponible,No Disponible / No Disponible / No Disponible,No Disponible,No Disponible,No Disponible ,5968,Diesel,No Disponible
Volkswagen,Crafter,Chasis 5.0T Euro VI LWB Aut. / Garantía,2025,Volkswagen Crafter Chasis 5.0T Euro VI LWB Aut. / Garantía,Chasís Cabina,Manual,2,Regular,RWD,1091631.0,/SSCMEX/VOLKSWAGEN/CRAFTER/2025/2BH.JPG,827897620250520,No Disponible / No Disponible,No disponible,No Disponible,Opcional,No Disponible,No Disponible,Estándar,Estándar / No Disponible,Estándar,No Disponible ,No Disponible,Estándar,1091631.00,No disponible,No Disponible,"16"" Acero",,3,No disponible,,No Disponible / No Disponible / No Disponible,No Disponible / No Disponible,No disponible,Estándar ,,241,Estándar / Estándar,Estándar ,No disponible,No disponible,No Disponible,Estándar,trasera,No Disponible ,Opcional Tela,No disponible,No disponible,Opcional,No Disponible / No Disponible,Manual,Halógeno ,"16"" Acero",No Disponible ,No Disponible,No disponible,2.0L En Línea4,No Disponible / No Disponible,No Disponible ,No Disponible,No Disponible,No Disponible / No Disponible / No Disponible,No Disponible,No Disponible,No Disponible ,6836,Diesel,No Disponible
Volkswagen,Tiguan,Comfortline 3ª,2024,Volkswagen Tiguan Comfortline 3ª,Todo Terreno,Automático,5,No disponible,FWD,685070.0,/SSCMEX/VOLKSWAGEN/TIGUAN/2024/5OD.JPG,802601120250113,No Disponible / No Disponible,No disponible,Estándar,Estándar,Estándar,Estándar,Estándar,Estándar / Estándar,Estándar,No Disponible ,No Disponible,Estándar,591870.00,No disponible,No Disponible,"18"" Aluminio",,7,No disponible,,Estándar / Estándar / Estándar,Estándar / Estándar,No disponible,Estándar ,,150,Estándar / Estándar,Estándar ,No disponible,No disponible,Estándar,Estándar,delantera,"Visualización De Guía, Estándar ",Opcional Piel Sintética,14.3,No disponible,Estándar,No Disponible / No Disponible,Automático,Led ,"18"" Aluminio",No Disponible ,No Disponible,No disponible,1.4L En Línea4,No Disponible / No Disponible,No Disponible ,No Disponible,Estándar,Estándar / No Disponible / No Disponible,No Disponible,No Disponible,Estándar ,4728,Gasolina Premium,No Disponible
